,Ship To Name,forcasted_line_count_int
89,JARED 2489,0
192,JARED 4214,0
51,JARED 2440,0
1952,PIERCING PAGODA 395,0
78,JARED 2473,0
105,JARED 2506,0
106,JARED 2507,0
53,JARED 2443,0
1356,KAY JEWELERS 4789,0
91,JARED 2491,0
1819,PIERCING PAGODA 277,0
1917,PIERCING PAGODA 3760,0
111,JARED 2513,0
112,JARED 2515,0
1674,PIERCING PAGODA 155,0
155,JARED 2568,0
963,KAY JEWELERS 2608,0
190,JARED 4210,0
1809,PIERCING PAGODA 2637,0
72,JARED 2467,0
173,JARED 4073,0
179,JARED 415,0
68,JARED 2460,0
77,JARED 2472,0
98,JARED 2498,0
182,JARED 4187,0
99,JARED 2499,0
184,JARED 4198,0
185,JARED 4199,0
1214,KAY JEWELERS 3549,0
1964,PIERCING PAGODA 4367,0
101,JARED 2501,0
58,JARED 2449,0
188,JARED 4204,0
1826,PIERCING PAGODA 292,0
176,JARED 413,0
151,JARED 2563,0
150,JARED 2562,0
1615,PIERCING PAGODA 1176,0
144,JARED 2555,0
167,JARED 3151,0
764,KAY JEWELERS 1682,0
141,JARED 2550,0
163,JARED 2583,0
83,JARED 2478,0
129,JARED 2534,0
87,JARED 2486,0
131,JARED 2539,0
240,JARED 483,0
138,JARED 2547,0
1872,PIERCING PAGODA 3654,0
233,JARED 473,0
1585,PIERCING PAGODA 1040,0
36,JARED 2424,0
169,JARED 3754,0
170,JARED 4031,0
34,JARED 2421,0
33,JARED 2420,0
172,JARED 4054,0
208,JARED 440,0
30,JARED 2416,0
29,JARED 2415,0
1568,PEOPLES 5148,0
121,JARED 2524,0
118,JARED 2521,0
171,JARED 4053,0
254,JARED 497,0
23,JARED 2407,0
214,JARED 447,0
253,JARED 496,0
20,JARED 2404,0
211,JARED 444,0
175,JARED 4125,0
1093,KAY JEWELERS 2848,1
1094,KAY JEWELERS 2849,1
0,03765 BANTER BY PIERCING PAGODA,1
1098,KAY JEWELERS 2858,1
1101,KAY JEWELERS 2860,1
1104,KAY JEWELERS 2863,1
1107,KAY JEWELERS 2869,1
1108,KAY JEWELERS 2870,1
1111,KAY JEWELERS 2874,1
1112,KAY JEWELERS 2876,1
1113,KAY JEWELERS 2877,1
1117,KAY JEWELERS 2885,1
1118,KAY JEWELERS 2886,1
1119,KAY JEWELERS 2887,1
1120,KAY JEWELERS 2888,1
1097,KAY JEWELERS 2853,1
1105,KAY JEWELERS 2864,1
1081,KAY JEWELERS 2823,1
1091,KAY JEWELERS 2843,1
1047,KAY JEWELERS 2772,1
1043,KAY JEWELERS 2767,1
1042,KAY JEWELERS 2765,1
1040,KAY JEWELERS 2762,1
1038,KAY JEWELERS 2760,1
1036,KAY JEWELERS 2756,1
1035,KAY JEWELERS 2755,1
1034,KAY JEWELERS 2754,1
1033,KAY JEWELERS 2753,1
1032,KAY JEWELERS 2736,1
1030,KAY JEWELERS 2730,1
1028,KAY JEWELERS 2728,1
1027,KAY JEWELERS 2727,1
1026,KAY JEWELERS 2723,1
1024,KAY JEWELERS 2718,1
1022,KAY JEWELERS 2714,1
1018,KAY JEWELERS 2708,1
1016,KAY JEWELERS 2705,1
1013,KAY JEWELERS 2698,1
1049,KAY JEWELERS 2777,1
1092,KAY JEWELERS 2847,1
1052,KAY JEWELERS 2781,1
1056,KAY JEWELERS 2788,1
1090,KAY JEWELERS 2840,1
1089,KAY JEWELERS 2838,1
1087,KAY JEWELERS 2836,1
1085,KAY JEWELERS 2834,1
1084,KAY JEWELERS 2833,1
1121,KAY JEWELERS 2889,1
1079,KAY JEWELERS 2818,1
1078,KAY JEWELERS 2817,1
1074,KAY JEWELERS 2812,1
1073,KAY JEWELERS 2811,1
1072,KAY JEWELERS 2810,1
1071,KAY JEWELERS 2809,1
1067,KAY JEWELERS 2803,1
1066,KAY JEWELERS 2802,1
1063,KAY JEWELERS 2798,1
1062,KAY JEWELERS 2797,1
1061,KAY JEWELERS 2795,1
1058,KAY JEWELERS 2792,1
1057,KAY JEWELERS 2790,1
1054,KAY JEWELERS 2783,1
1123,KAY JEWELERS 2893,1
1152,KAY JEWELERS 2936,1
1126,KAY JEWELERS 2897,1
1256,KAY JEWELERS 410,1
1255,KAY JEWELERS 4095,1
1254,KAY JEWELERS 4093,1
1251,KAY JEWELERS 4083,1
1250,KAY JEWELERS 407,1
1247,KAY JEWELERS 4062,1
1246,KAY JEWELERS 406,1
1245,KAY JEWELERS 4056,1
1242,KAY JEWELERS 4040,1
1241,KAY JEWELERS 404,1
1240,KAY JEWELERS 4033,1
1238,KAY JEWELERS 4021,1
1235,KAY JEWELERS 397,1
1230,KAY JEWELERS 382,1
1229,KAY JEWELERS 379,1
1228,KAY JEWELERS 378,1
1227,KAY JEWELERS 3771,1
1225,KAY JEWELERS 3755,1
1223,KAY JEWELERS 3700,1
1221,KAY JEWELERS 367,1
1219,KAY JEWELERS 363,1
1257,KAY JEWELERS 4105,1
1218,KAY JEWELERS 3614,1
1258,KAY JEWELERS 412,1
1264,KAY JEWELERS 4138,1
1303,KAY JEWELERS 4718,1
1302,KAY JEWELERS 4717,1
1301,KAY JEWELERS 4716,1
1299,KAY JEWELERS 4713,1
1298,KAY JEWELERS 4712,1
1297,KAY JEWELERS 4710,1
1295,KAY JEWELERS 4707,1
1294,KAY JEWELERS 4706,1
1293,KAY JEWELERS 4705,1
1292,KAY JEWELERS 4703,1
1291,KAY JEWELERS 4702,1
1290,KAY JEWELERS 4701,1
1286,KAY JEWELERS 4209,1
1285,KAY JEWELERS 4207,1
1281,KAY JEWELERS 4191,1
1276,KAY JEWELERS 4177,1
1273,KAY JEWELERS 4174,1
1272,KAY JEWELERS 4171,1
1270,KAY JEWELERS 4163,1
1269,KAY JEWELERS 4162,1
1268,KAY JEWELERS 4159,1
1263,KAY JEWELERS 4135,1
1124,KAY JEWELERS 2894,1
1216,KAY JEWELERS 358,1
1211,KAY JEWELERS 3424,1
1171,KAY JEWELERS 2981,1
1168,KAY JEWELERS 2974,1
1167,KAY JEWELERS 2972,1
1165,KAY JEWELERS 2961,1
1164,KAY JEWELERS 2960,1
1159,KAY JEWELERS 2945,1
1158,KAY JEWELERS 2944,1
1156,KAY JEWELERS 2942,1
1154,KAY JEWELERS 2938,1
1153,KAY JEWELERS 2937,1
1151,KAY JEWELERS 2934,1
1147,KAY JEWELERS 2926,1
1146,KAY JEWELERS 2925,1
1145,KAY JEWELERS 2924,1
1143,KAY JEWELERS 2922,1
1141,KAY JEWELERS 2919,1
1137,KAY JEWELERS 2913,1
1135,KAY JEWELERS 2909,1
1132,KAY JEWELERS 2904,1
1131,KAY JEWELERS 2902,1
1128,KAY JEWELERS 2899,1
1172,KAY JEWELERS 2984,1
1212,KAY JEWELERS 3425,1
1174,KAY JEWELERS 2990,1
1177,KAY JEWELERS 2996,1
1208,KAY JEWELERS 3416,1
1207,KAY JEWELERS 3415,1
1206,KAY JEWELERS 3414,1
1205,KAY JEWELERS 3413,1
1204,KAY JEWELERS 3410,1
1203,KAY JEWELERS 3409,1
1202,KAY JEWELERS 3408,1
1201,KAY JEWELERS 3407,1
1200,KAY JEWELERS 3406,1
1198,KAY JEWELERS 3404,1
1196,KAY JEWELERS 3401,1
1195,KAY JEWELERS 339,1
1192,KAY JEWELERS 334,1
1190,KAY JEWELERS 318,1
1187,KAY JEWELERS 310,1
1186,KAY JEWELERS 307,1
1183,KAY JEWELERS 304,1
1182,KAY JEWELERS 3021,1
1181,KAY JEWELERS 302,1
1180,KAY JEWELERS 3015,1
1179,KAY JEWELERS 3002,1
1176,KAY JEWELERS 2994,1
1012,KAY JEWELERS 2694,1
978,KAY JEWELERS 2630,1
1010,KAY JEWELERS 2691,1
847,KAY JEWELERS 2167,1
846,KAY JEWELERS 2155,1
844,KAY JEWELERS 2149,1
843,KAY JEWELERS 2148,1
841,KAY JEWELERS 2143,1
840,KAY JEWELERS 2141,1
839,KAY JEWELERS 2131,1
838,KAY JEWELERS 2130,1
834,KAY JEWELERS 2115,1
829,KAY JEWELERS 2108,1
828,KAY JEWELERS 2106,1
827,KAY JEWELERS 2103,1
826,KAY JEWELERS 2101,1
825,KAY JEWELERS 2100,1
824,KAY JEWELERS 206,1
823,KAY JEWELERS 202,1
822,KAY JEWELERS 20,1
849,KAY JEWELERS 2173,1
820,KAY JEWELERS 1886,1
851,KAY JEWELERS 2183,1
853,KAY JEWELERS 2186,1
878,KAY JEWELERS 2232,1
875,KAY JEWELERS 2222,1
873,KAY JEWELERS 2220,1
871,KAY JEWELERS 2217,1
870,KAY JEWELERS 2216,1
869,KAY JEWELERS 2213,1
868,KAY JEWELERS 2211,1
866,KAY JEWELERS 2209,1
865,KAY JEWELERS 2208,1
864,KAY JEWELERS 2203,1
862,KAY JEWELERS 2201,1
859,KAY JEWELERS 2198,1
858,KAY JEWELERS 2197,1
857,KAY JEWELERS 2194,1
856,KAY JEWELERS 2191,1
855,KAY JEWELERS 219,1
854,KAY JEWELERS 2187,1
852,KAY JEWELERS 2184,1
819,KAY JEWELERS 1880,1
818,KAY JEWELERS 1875,1
817,KAY JEWELERS 1874,1
777,KAY JEWELERS 1785,1
775,KAY JEWELERS 1782,1
774,KAY JEWELERS 1781,1
773,KAY JEWELERS 1778,1
771,KAY JEWELERS 1773,1
769,KAY JEWELERS 1711,1
766,KAY JEWELERS 169,1
763,KAY JEWELERS 1681,1
762,KAY JEWELERS 1680,1
761,KAY JEWELERS 1676,1
759,KAY JEWELERS 1674,1
758,KAY JEWELERS 166,1
757,KAY JEWELERS 1659,1
756,KAY JEWELERS 1658,1
754,KAY JEWELERS 1650,1
752,KAY JEWELERS 1646,1
749,KAY JEWELERS 1642,1
778,KAY JEWELERS 1788,1
780,KAY JEWELERS 1810,1
781,KAY JEWELERS 1811,1
782,KAY JEWELERS 1812,1
816,KAY JEWELERS 1873,1
809,KAY JEWELERS 1863,1
808,KAY JEWELERS 1862,1
806,KAY JEWELERS 1858,1
805,KAY JEWELERS 1857,1
804,KAY JEWELERS 1856,1
803,KAY JEWELERS 1851,1
802,KAY JEWELERS 185,1
881,KAY JEWELERS 2237,1
799,KAY JEWELERS 1844,1
796,KAY JEWELERS 1839,1
795,KAY JEWELERS 1838,1
792,KAY JEWELERS 1833,1
791,KAY JEWELERS 1832,1
790,KAY JEWELERS 1830,1
787,KAY JEWELERS 1820,1
784,KAY JEWELERS 1815,1
783,KAY JEWELERS 1813,1
798,KAY JEWELERS 1842,1
1011,KAY JEWELERS 2693,1
883,KAY JEWELERS 2241,1
885,KAY JEWELERS 2247,1
983,KAY JEWELERS 2639,1
982,KAY JEWELERS 2638,1
981,KAY JEWELERS 2637,1
1304,KAY JEWELERS 4720,1
977,KAY JEWELERS 2629,1
974,KAY JEWELERS 2622,1
973,KAY JEWELERS 2620,1
970,KAY JEWELERS 2617,1
969,KAY JEWELERS 2616,1
968,KAY JEWELERS 2615,1
967,KAY JEWELERS 2614,1
965,KAY JEWELERS 2612,1
964,KAY JEWELERS 2611,1
962,KAY JEWELERS 2605,1
961,KAY JEWELERS 2603,1
960,KAY JEWELERS 2601,1
958,KAY JEWELERS 256,1
984,KAY JEWELERS 2643,1
957,KAY JEWELERS 253,1
986,KAY JEWELERS 2648,1
988,KAY JEWELERS 2650,1
1009,KAY JEWELERS 2690,1
1007,KAY JEWELERS 2688,1
1006,KAY JEWELERS 2687,1
1005,KAY JEWELERS 2682,1
1004,KAY JEWELERS 2681,1
1002,KAY JEWELERS 2679,1
1001,KAY JEWELERS 2676,1
1000,KAY JEWELERS 2670,1
999,KAY JEWELERS 267,1
998,KAY JEWELERS 2668,1
997,KAY JEWELERS 2667,1
996,KAY JEWELERS 2666,1
995,KAY JEWELERS 2664,1
993,KAY JEWELERS 2657,1
992,KAY JEWELERS 2656,1
991,KAY JEWELERS 2654,1
989,KAY JEWELERS 2652,1
987,KAY JEWELERS 2649,1
955,KAY JEWELERS 25,1
954,KAY JEWELERS 249,1
953,KAY JEWELERS 246,1
910,KAY JEWELERS 2323,1
908,KAY JEWELERS 232,1
907,KAY JEWELERS 2316,1
906,KAY JEWELERS 2315,1
904,KAY JEWELERS 2303,1
902,KAY JEWELERS 2293,1
901,KAY JEWELERS 2289,1
899,KAY JEWELERS 2278,1
898,KAY JEWELERS 2270,1
897,KAY JEWELERS 227,1
895,KAY JEWELERS 2267,1
894,KAY JEWELERS 2266,1
893,KAY JEWELERS 2265,1
892,KAY JEWELERS 2264,1
890,KAY JEWELERS 2259,1
889,KAY JEWELERS 2258,1
887,KAY JEWELERS 2250,1
911,KAY JEWELERS 2326,1
912,KAY JEWELERS 2327,1
913,KAY JEWELERS 2328,1
915,KAY JEWELERS 2332,1
952,KAY JEWELERS 244,1
949,KAY JEWELERS 2399,1
947,KAY JEWELERS 2392,1
946,KAY JEWELERS 2391,1
945,KAY JEWELERS 2390,1
939,KAY JEWELERS 2381,1
937,KAY JEWELERS 2379,1
936,KAY JEWELERS 2378,1
884,KAY JEWELERS 2242,1
935,KAY JEWELERS 2375,1
933,KAY JEWELERS 2370,1
930,KAY JEWELERS 2367,1
929,KAY JEWELERS 2366,1
928,KAY JEWELERS 2364,1
926,KAY JEWELERS 2357,1
921,KAY JEWELERS 2352,1
917,KAY JEWELERS 2341,1
916,KAY JEWELERS 2336,1
934,KAY JEWELERS 2371,1
1305,KAY JEWELERS 4721,1
1347,KAY JEWELERS 4774,1
1308,KAY JEWELERS 4725,1
1852,PIERCING PAGODA 360,1
1847,PIERCING PAGODA 355,1
1845,PIERCING PAGODA 351,1
1843,PIERCING PAGODA 345,1
1842,PIERCING PAGODA 344,1
1837,PIERCING PAGODA 317,1
1833,PIERCING PAGODA 308,1
1812,PIERCING PAGODA 2651,1
1811,PIERCING PAGODA 2646,1
1790,PIERCING PAGODA 2596,1
1787,PIERCING PAGODA 259,1
1783,PIERCING PAGODA 2576,1
1770,PIERCING PAGODA 2549,1
1757,PIERCING PAGODA 2522,1
1753,PIERCING PAGODA 2502,1
1748,PIERCING PAGODA 2485,1
1746,PIERCING PAGODA 2480,1
1857,PIERCING PAGODA 362,1
1744,PIERCING PAGODA 2479,1
1858,PIERCING PAGODA 3622,1
1863,PIERCING PAGODA 3639,1
1915,PIERCING PAGODA 3758,1
1913,PIERCING PAGODA 3756,1
1910,PIERCING PAGODA 3744,1
1901,PIERCING PAGODA 3733,1
1899,PIERCING PAGODA 3730,1
1893,PIERCING PAGODA 3723,1
1892,PIERCING PAGODA 3722,1
1891,PIERCING PAGODA 3721,1
1888,PIERCING PAGODA 3717,1
1886,PIERCING PAGODA 3714,1
1882,PIERCING PAGODA 3710,1
1879,PIERCING PAGODA 3708,1
1877,PIERCING PAGODA 3701,1
1876,PIERCING PAGODA 369,1
1873,PIERCING PAGODA 3659,1
1868,PIERCING PAGODA 3649,1
1865,PIERCING PAGODA 3646,1
1859,PIERCING PAGODA 3629,1
1916,PIERCING PAGODA 3759,1
1743,PIERCING PAGODA 2478,1
1739,PIERCING PAGODA 2467,1
1663,PIERCING PAGODA 1467,1
1658,PIERCING PAGODA 143,1
1653,PIERCING PAGODA 1396,1
1652,PIERCING PAGODA 139,1
1629,PIERCING PAGODA 1271,1
1628,PIERCING PAGODA 1250,1
1621,PIERCING PAGODA 1203,1
1620,PIERCING PAGODA 120,1
1619,PIERCING PAGODA 1195,1
1613,PIERCING PAGODA 1172,1
1610,PIERCING PAGODA 1162,1
1603,PIERCING PAGODA 1132,1
1599,PIERCING PAGODA 1101,1
1590,PIERCING PAGODA 1069,1
1588,PIERCING PAGODA 1055,1
1580,PIERCING PAGODA 1020,1
1575,PIERCING PAGODA 1005,1
1666,PIERCING PAGODA 150,1
1741,PIERCING PAGODA 2472,1
1669,PIERCING PAGODA 1506,1
1673,PIERCING PAGODA 152,1
1736,PIERCING PAGODA 2460,1
1735,PIERCING PAGODA 2457,1
1729,PIERCING PAGODA 2433,1
1727,PIERCING PAGODA 2427,1
1722,PIERCING PAGODA 2413,1
1716,PIERCING PAGODA 237,1
1711,PIERCING PAGODA 225,1
1710,PIERCING PAGODA 224,1
1709,PIERCING PAGODA 223,1
1706,PIERCING PAGODA 220,1
1698,PIERCING PAGODA 2017,1
1696,PIERCING PAGODA 20,1
1694,PIERCING PAGODA 198,1
1692,PIERCING PAGODA 195,1
1686,PIERCING PAGODA 181,1
1681,PIERCING PAGODA 17,1
1680,PIERCING PAGODA 168,1
1671,PIERCING PAGODA 1516,1
1922,PIERCING PAGODA 3891,1
1930,PIERCING PAGODA 39,1
1942,PIERCING PAGODA 3916,1
2371,ZALES JEWELERS 1631,1
2349,ZALES JEWELERS 1587,1
2344,ZALES JEWELERS 1577,1
2342,ZALES JEWELERS 1575,1
2341,ZALES JEWELERS 1574,1
2322,ZALES JEWELERS 1537,1
2269,ZALES JEWELERS 1359,1
2262,ZALES JEWELERS 1329,1
2231,ZALES JEWELERS 1218,1
2207,ZALES JEWELERS 1060,1
2192,ZALES 865,1
2189,ZALES 600,1
2188,ZALES 3770,1
2187,ZALES 3769,1
2183,ZALES 3618,1
2182,ZALES 3615,1
2180,ZALES 3601,1
2378,ZALES JEWELERS 1644,1
2179,ZALES 3574,1
2422,ZALES JEWELERS 1738,1
2439,ZALES JEWELERS 1798,1
2695,ZALES OUTLET 2865,1
2676,ZALES OUTLET 2808,1
2652,ZALES OUTLET 2746,1
2631,ZALES OUTLET 2704,1
2622,ZALES OUTLET 2686,1
2593,ZALES JEWELERS 877,1
2588,ZALES JEWELERS 856,1
2575,ZALES JEWELERS 773,1
2569,ZALES JEWELERS 744,1
2552,ZALES JEWELERS 600,1
2537,ZALES JEWELERS 482,1
2525,ZALES JEWELERS 3747,1
2523,ZALES JEWELERS 3612,1
2522,ZALES JEWELERS 3610,1
2509,ZALES JEWELERS 289,1
2505,ZALES JEWELERS 2808,1
2495,ZALES JEWELERS 1990,1
2433,ZALES JEWELERS 1789,1
2173,ZALES 2715,1
2166,ZALES 1766,1
2165,ZALES 1758,1
2054,PIERCING PAGODA 708,1
2049,PIERCING PAGODA 680,1
2038,PIERCING PAGODA 653,1
2027,PIERCING PAGODA 621,1
2021,PIERCING PAGODA 598,1
2019,PIERCING PAGODA 59,1
2008,PIERCING PAGODA 5706,1
1999,PIERCING PAGODA 557,1
1995,PIERCING PAGODA 537,1
1988,PIERCING PAGODA 51,1
1984,PIERCING PAGODA 492,1
1981,PIERCING PAGODA 487,1
1977,PIERCING PAGODA 47,1
1975,PIERCING PAGODA 468,1
1966,PIERCING PAGODA 442,1
1954,PIERCING PAGODA 400,1
1943,PIERCING PAGODA 3917,1
2055,PIERCING PAGODA 709,1
2058,PIERCING PAGODA 721,1
2063,PIERCING PAGODA 734,1
2070,PIERCING PAGODA 754,1
2164,ZALES 1665,1
2162,ZALES 1650,1
2161,ZALES 1644,1
2158,ZALES 1575,1
2156,ZALES 1507,1
2152,ZALES 1313,1
2150,ZALES 1218,1
2149,ZALES 12,1
1573,PIERCING PAGODA 0476,1
2147,ZALES 0346,1
2134,PIERCING PAGODA 996,1
2131,PIERCING PAGODA 99,1
2125,PIERCING PAGODA 97,1
2115,PIERCING PAGODA 932,1
2106,PIERCING PAGODA 90,1
2100,PIERCING PAGODA 881,1
2080,PIERCING PAGODA 798,1
2078,PIERCING PAGODA 795,1
2145,WEISFIELD JEWELERS 729,1
1306,KAY JEWELERS 4723,1
1570,PEOPLES 5191,1
1566,PEOPLES 5116,1
1391,KAY JEWELERS 4862,1
1388,KAY JEWELERS 4834,1
1387,KAY JEWELERS 4831,1
1385,KAY JEWELERS 4828,1
1382,KAY JEWELERS 4820,1
1381,KAY JEWELERS 4819,1
1378,KAY JEWELERS 4814,1
1376,KAY JEWELERS 4812,1
1374,KAY JEWELERS 4809,1
1373,KAY JEWELERS 4807,1
1372,KAY JEWELERS 4806,1
1371,KAY JEWELERS 4804,1
1370,KAY JEWELERS 4803,1
1369,KAY JEWELERS 4802,1
1368,KAY JEWELERS 4801,1
1367,KAY JEWELERS 4800,1
1366,KAY JEWELERS 48,1
1392,KAY JEWELERS 4868,1
1364,KAY JEWELERS 4798,1
1393,KAY JEWELERS 4876,1
1395,KAY JEWELERS 4881,1
1428,KAY JEWELERS 599,1
1424,KAY JEWELERS 582,1
1419,KAY JEWELERS 566,1
1418,KAY JEWELERS 563,1
1416,KAY JEWELERS 56,1
1415,KAY JEWELERS 551,1
1413,KAY JEWELERS 547,1
1411,KAY JEWELERS 54,1
1410,KAY JEWELERS 534,1
1409,KAY JEWELERS 533,1
1404,KAY JEWELERS 521,1
1402,KAY JEWELERS 515,1
1401,KAY JEWELERS 511,1
1400,KAY JEWELERS 508,1
1398,KAY JEWELERS 5,1
1397,KAY JEWELERS 4901,1
1396,KAY JEWELERS 49,1
1394,KAY JEWELERS 4879,1
1429,KAY JEWELERS 6,1
1363,KAY JEWELERS 4797,1
1359,KAY JEWELERS 4793,1
1328,KAY JEWELERS 4754,1
1327,KAY JEWELERS 4753,1
1326,KAY JEWELERS 4752,1
1325,KAY JEWELERS 4751,1
1324,KAY JEWELERS 4750,1
1323,KAY JEWELERS 4748,1
1321,KAY JEWELERS 4746,1
1320,KAY JEWELERS 4745,1
1318,KAY JEWELERS 4741,1
1317,KAY JEWELERS 4740,1
1316,KAY JEWELERS 4739,1
1315,KAY JEWELERS 4738,1
1314,KAY JEWELERS 4737,1
1313,KAY JEWELERS 4736,1
1312,KAY JEWELERS 4735,1
1311,KAY JEWELERS 4734,1
1310,KAY JEWELERS 4729,1
1329,KAY JEWELERS 4755,1
1362,KAY JEWELERS 4796,1
1330,KAY JEWELERS 4756,1
1332,KAY JEWELERS 4758,1
1355,KAY JEWELERS 4788,1
1353,KAY JEWELERS 4786,1
1349,KAY JEWELERS 4780,1
1348,KAY JEWELERS 4778,1
746,KAY JEWELERS 163,1
1346,KAY JEWELERS 4773,1
1345,KAY JEWELERS 4772,1
1344,KAY JEWELERS 4771,1
1343,KAY JEWELERS 4770,1
1342,KAY JEWELERS 4769,1
1341,KAY JEWELERS 4768,1
1340,KAY JEWELERS 4767,1
1339,KAY JEWELERS 4766,1
1336,KAY JEWELERS 4763,1
1335,KAY JEWELERS 4761,1
1334,KAY JEWELERS 4760,1
1333,KAY JEWELERS 4759,1
1331,KAY JEWELERS 4757,1
1432,KAY JEWELERS 619,1
1434,KAY JEWELERS 623,1
1435,KAY JEWELERS 624,1
1534,KAY OUTLET 2916,1
1533,KAY OUTLET 2911,1
1532,KAY OUTLET 2905,1
1531,KAY OUTLET 2903,1
1529,KAY JEWLERS 2963,1
1528,KAY JEWLERS 2671,1
1526,KAY JEWERS 4784,1
1525,KAY JEWERS 329,1
1524,KAY JEWELERS 98,1
1523,KAY JEWELERS 97,1
1519,KAY JEWELERS 92,1
1517,KAY JEWELERS 87,1
1513,KAY JEWELERS 85,1
1508,KAY JEWELERS 799,1
1506,KAY JEWELERS 792,1
1504,KAY JEWELERS 790,1
1503,KAY JEWELERS 787,1
1535,KAY OUTLET 2929,1
1499,KAY JEWELERS 781,1
1536,KAY OUTLET 2930,1
1538,KAY OUTLET 2946,1
1565,PEOPLES 5059,1
1564,PEOPLES 5044,1
1559,KAY OUTLET 4868,1
1558,KAY OUTLET 4209,1
1556,KAY OUTLET 4200,1
1555,KAY OUTLET 4183,1
1553,KAY OUTLET 4102,1
1552,KAY OUTLET 4077,1
1551,KAY OUTLET 4065,1
1549,KAY OUTLET 3003,1
1548,KAY OUTLET 2985,1
1547,KAY OUTLET 2982,1
1546,KAY OUTLET 2976,1
1545,KAY OUTLET 2973,1
1542,KAY OUTLET 2954,1
1541,KAY OUTLET 2953,1
1540,KAY OUTLET 2950,1
1537,KAY OUTLET 2945,1
1498,KAY JEWELERS 780,1
1497,KAY JEWELERS 78,1
1496,KAY JEWELERS 779,1
1466,KAY JEWELERS 688,1
1465,KAY JEWELERS 685,1
1464,KAY JEWELERS 684,1
1463,KAY JEWELERS 683,1
1459,KAY JEWELERS 675,1
1458,KAY JEWELERS 673,1
1455,KAY JEWELERS 670,1
1454,KAY JEWELERS 669,1
1453,KAY JEWELERS 668,1
1452,KAY JEWELERS 667,1
1450,KAY JEWELERS 664,1
1446,KAY JEWELERS 653,1
1445,KAY JEWELERS 643,1
1443,KAY JEWELERS 640,1
1442,KAY JEWELERS 639,1
1441,KAY JEWELERS 638,1
1437,KAY JEWELERS 628,1
1468,KAY JEWELERS 693,1
1469,KAY JEWELERS 695,1
1471,KAY JEWELERS 697,1
1473,KAY JEWELERS 70,1
1495,KAY JEWELERS 775,1
1494,KAY JEWELERS 774,1
1493,KAY JEWELERS 772,1
1492,KAY JEWELERS 771,1
1490,KAY JEWELERS 766,1
1488,KAY JEWELERS 763,1
1487,KAY JEWELERS 76,1
1486,KAY JEWELERS 753,1
1569,PEOPLES 5175,1
1485,KAY JEWELERS 752,1
1483,KAY JEWELERS 748,1
1482,KAY JEWELERS 746,1
1481,KAY JEWELERS 745,1
1480,KAY JEWELERS 74,1
1479,KAY JEWELERS 734,1
1477,KAY JEWELERS 728,1
1476,KAY JEWELERS 722,1
1474,KAY JEWELERS 710,1
1484,KAY JEWELERS 750,1
745,KAY JEWELERS 1626,1
1357,KAY JEWELERS 4790,1
472,JARED REPAIR SHOP 8435,1
573,KAY JEWELERS 1159,1
574,KAY JEWELERS 1160,1
575,KAY JEWELERS 1161,1
576,KAY JEWELERS 1162,1
577,KAY JEWELERS 1163,1
578,KAY JEWELERS 1164,1
579,KAY JEWELERS 1166,1
21,JARED 2405,1
581,KAY JEWELERS 1172,1
582,KAY JEWELERS 1174,1
146,JARED 2558,1
584,KAY JEWELERS 1176,1
585,KAY JEWELERS 1178,1
586,KAY JEWELERS 1181,1
147,JARED 2559,1
143,JARED 2552,1
300,JARED 8368,1
569,KAY JEWELERS 1151,1
568,KAY JEWELERS 115,1
126,JARED 2530,1
127,JARED 2531,1
552,KAY JEWELERS 1120,1
130,JARED 2536,1
22,JARED 2406,1
132,JARED 2540,1
557,KAY JEWELERS 1128,1
587,KAY JEWELERS 1185,1
558,KAY JEWELERS 1130,1
135,JARED 2543,1
136,JARED 2544,1
562,KAY JEWELERS 1135,1
563,KAY JEWELERS 1138,1
137,JARED 2546,1
139,JARED 2548,1
142,JARED 2551,1
559,KAY JEWELERS 1132,1
148,JARED 2560,1
590,KAY JEWELERS 1189,1
591,KAY JEWELERS 1191,1
623,KAY JEWELERS 128,1
624,KAY JEWELERS 1282,1
625,KAY JEWELERS 1283,1
628,KAY JEWELERS 1289,1
629,KAY JEWELERS 1291,1
630,KAY JEWELERS 1317,1
160,JARED 2574,1
156,JARED 2569,1
632,KAY JEWELERS 1338,1
634,KAY JEWELERS 1340,1
635,KAY JEWELERS 1341,1
636,KAY JEWELERS 1343,1
638,KAY JEWELERS 1348,1
639,KAY JEWELERS 1352,1
161,JARED 2578,1
14,GORDON'S JEWELERS 4415,1
633,KAY JEWELERS 1339,1
318,JARED 8392,1
154,JARED 2566,1
613,KAY JEWELERS 1244,1
149,JARED 2561,1
152,JARED 2564,1
286,JARED 8345,1
598,KAY JEWELERS 1208,1
283,JARED 8315,1
602,KAY JEWELERS 1217,1
603,KAY JEWELERS 1218,1
617,KAY JEWELERS 1257,1
604,KAY JEWELERS 1221,1
606,KAY JEWELERS 1226,1
607,KAY JEWELERS 1227,1
608,KAY JEWELERS 1228,1
609,KAY JEWELERS 1231,1
278,JARED 8306,1
611,KAY JEWELERS 1237,1
612,KAY JEWELERS 1238,1
605,KAY JEWELERS 1224,1
13,CPT NETWORK SOLUTIONS,1
548,KAY JEWELERS 1112,1
124,JARED 2528,1
86,JARED 2483,1
387,JARED 8579,1
47,JARED 2436,1
45,JARED 2434,1
90,JARED 2490,1
42,JARED 2431,1
41,JARED 2430,1
40,JARED 2429,1
39,JARED 2428,1
92,JARED 2492,1
371,JARED 8553,1
94,JARED 2494,1
484,JARED REPAIR SHOP 8604,1
95,JARED 2495,1
102,JARED 2502,1
459,JARED REPAIR SHOP 8385,1
54,JARED 2444,1
57,JARED 2448,1
453,JARED REPAIR SHOP 8320,1
71,JARED 2463,1
73,JARED 2468,1
433,JARED GALLERIA OF JEWELERY 2544,1
434,JARED GALLERIA OF JEWELRY 2417,1
435,JARED GALLERIA OF JEWELRY 2578,1
436,JARED REPAIR SHOP 2439,1
75,JARED 2470,1
500,JARED VAULT 4203,1
419,JARED 9285,1
441,JARED REPAIR SHOP 440,1
79,JARED 2474,1
442,JARED REPAIR SHOP 442,1
80,JARED 2475,1
405,JARED 8987,1
63,JARED 2455,1
400,JARED 8611,1
418,JARED 9283,1
501,JARED VAULT 4213,1
107,JARED 2509,1
32,JARED 2419,1
528,KAY JEWELERS 1073,1
529,KAY JEWELERS 1074,1
530,KAY JEWELERS 1075,1
531,KAY JEWELERS 1076,1
119,JARED 2522,1
28,JARED 2414,1
538,KAY JEWELERS 1094,1
527,KAY JEWELERS 1070,1
539,KAY JEWELERS 1095,1
26,JARED 2412,1
120,JARED 2523,1
122,JARED 2525,1
542,KAY JEWELERS 1101,1
25,JARED 2409,1
544,KAY JEWELERS 1105,1
321,JARED 8395,1
540,KAY JEWELERS 1098,1
547,KAY JEWELERS 1109,1
525,KAY JEWELERS 1066,1
524,KAY JEWELERS 1061,1
503,KAY 1346,1
505,KAY 2359,1
506,KAY 308,1
508,KAY 4706,1
509,KAY 4805,1
108,JARED 2510,1
512,KAY JEWELERS 1012,1
116,JARED 2519,1
513,KAY JEWELERS 102,1
515,KAY JEWELERS 103,1
109,JARED 2511,1
518,KAY JEWELERS 1050,1
519,KAY JEWELERS 1052,1
113,JARED 2516,1
114,JARED 2517,1
522,KAY JEWELERS 1059,1
514,KAY JEWELERS 1028,1
256,JARED 499,1
145,JARED 2557,1
704,KAY JEWELERS 1541,1
669,KAY JEWELERS 1460,1
4,BANTER BY PIERCING PAGODA 2621,1
668,KAY JEWELERS 1457,1
8,BANTER BY PIERCING PAGODA 3916,1
731,KAY JEWELERS 1587,1
174,JARED 4098,1
701,KAY JEWELERS 1534,1
196,JARED 425,1
197,JARED 426,1
665,KAY JEWELERS 1453,1
9,BANTER BY PIERCING PAGODA 5708,1
689,KAY JEWELERS 15,1
166,JARED 2594,1
1,BANTER BY PIERCING PAGODA 2454,1
238,JARED 481,1
239,JARED 482,1
661,KAY JEWELERS 1435,1
734,KAY JEWELERS 1590,1
660,KAY JEWELERS 143,1
242,JARED 485,1
204,JARED 435,1
178,JARED 4144,1
203,JARED 433,1
730,KAY JEWELERS 1580,1
671,KAY JEWELERS 1463,1
193,JARED 422,1
2,BANTER BY PIERCING PAGODA 2511,1
189,JARED 4205,1
687,KAY JEWELERS 1497,1
725,KAY JEWELERS 1571,1
206,JARED 437,1
690,KAY JEWELERS 1500,1
728,KAY JEWELERS 1575,1
5,BANTER BY PIERCING PAGODA 3704,1
187,JARED 4203,1
692,KAY JEWELERS 1509,1
682,KAY JEWELERS 1487,1
681,KAY JEWELERS 1486,1
694,KAY JEWELERS 1518,1
6,BANTER BY PIERCING PAGODA 3716,1
729,KAY JEWELERS 1577,1
695,KAY JEWELERS 1522,1
183,JARED 419,1
676,KAY JEWELERS 1477,1
180,JARED 416,1
672,KAY JEWELERS 1465,1
696,KAY JEWELERS 1526,1
243,JARED 486,1
724,KAY JEWELERS 1570,1
709,KAY JEWELERS 1549,1
245,JARED 488,1
221,JARED 459,1
706,KAY JEWELERS 1544,1
738,KAY JEWELERS 1594,1
213,JARED 446,1
707,KAY JEWELERS 1546,1
655,KAY JEWELERS 1422,1
202,JARED 432,1
739,KAY JEWELERS 1606,1
650,KAY JEWELERS 1399,1
708,KAY JEWELERS 1548,1
10,BANTER BY PIERCING PAGODA 670,1
653,KAY JEWELERS 142,1
740,KAY JEWELERS 161,1
717,KAY JEWELERS 1561,1
248,JARED 491,1
711,KAY JEWELERS 1554,1
656,KAY JEWELERS 1423,1
741,KAY JEWELERS 1616,1
737,KAY JEWELERS 1593,1
705,KAY JEWELERS 1543,1
223,JARED 461,1
212,JARED 445,1
3,BANTER BY PIERCING PAGODA 2549,1
657,KAY JEWELERS 1426,1
742,KAY JEWELERS 162,1
712,KAY JEWELERS 1555,1
719,KAY JEWELERS 1564,1
714,KAY JEWELERS 1557,1
1973,PIERCING PAGODA 462,2
1978,PIERCING PAGODA 48,2
1678,PIERCING PAGODA 1617,2
1967,PIERCING PAGODA 444,2
1965,PIERCING PAGODA 44,2
1979,PIERCING PAGODA 480,2
1670,PIERCING PAGODA 1510,2
1928,PIERCING PAGODA 3898,2
1970,PIERCING PAGODA 452,2
1968,PIERCING PAGODA 447,2
1931,PIERCING PAGODA 3900,2
201,JARED 431,2
1679,PIERCING PAGODA 164,2
1929,PIERCING PAGODA 3899,2
96,JARED 2496,2
1974,PIERCING PAGODA 464,2
1972,PIERCING PAGODA 46,2
205,JARED 436,2
1971,PIERCING PAGODA 457,2
104,JARED 2504,2
1933,PIERCING PAGODA 3904,2
1944,PIERCING PAGODA 3918,2
1945,PIERCING PAGODA 3919,2
1675,PIERCING PAGODA 157,2
1941,PIERCING PAGODA 3915,2
1946,PIERCING PAGODA 3920,2
1676,PIERCING PAGODA 16,2
1947,PIERCING PAGODA 3921,2
1939,PIERCING PAGODA 3912,2
1938,PIERCING PAGODA 3911,2
1937,PIERCING PAGODA 3909,2
1677,PIERCING PAGODA 1615,2
1936,PIERCING PAGODA 3908,2
1949,PIERCING PAGODA 3923,2
1932,PIERCING PAGODA 3903,2
1950,PIERCING PAGODA 3924,2
103,JARED 2503,2
1953,PIERCING PAGODA 397,2
1672,PIERCING PAGODA 1517,2
1955,PIERCING PAGODA 41,2
1956,PIERCING PAGODA 411,2
1958,PIERCING PAGODA 417,2
1935,PIERCING PAGODA 3906,2
1959,PIERCING PAGODA 418,2
1960,PIERCING PAGODA 419,2
1962,PIERCING PAGODA 421,2
1963,PIERCING PAGODA 423,2
1934,PIERCING PAGODA 3905,2
100,JARED 2500,2
1951,PIERCING PAGODA 393,2
1948,PIERCING PAGODA 3922,2
2001,PIERCING PAGODA 568,2
1983,PIERCING PAGODA 490,2
2053,PIERCING PAGODA 70,2
2052,PIERCING PAGODA 695,2
2051,PIERCING PAGODA 689,2
2048,PIERCING PAGODA 678,2
2047,PIERCING PAGODA 674,2
2046,PIERCING PAGODA 670,2
2044,PIERCING PAGODA 669,2
76,JARED 2471,2
2042,PIERCING PAGODA 660,2
2039,PIERCING PAGODA 656,2
81,JARED 2476,2
2036,PIERCING PAGODA 651,2
1654,PIERCING PAGODA 1409,2
1655,PIERCING PAGODA 141,2
2034,PIERCING PAGODA 642,2
2033,PIERCING PAGODA 64,2
2040,PIERCING PAGODA 658,2
2032,PIERCING PAGODA 639,2
1651,PIERCING PAGODA 1381,2
2057,PIERCING PAGODA 715,2
2075,PIERCING PAGODA 777,2
2074,PIERCING PAGODA 775,2
2071,PIERCING PAGODA 756,2
1645,PIERCING PAGODA 1340,2
2069,PIERCING PAGODA 75,2
2067,PIERCING PAGODA 741,2
2066,PIERCING PAGODA 739,2
2056,PIERCING PAGODA 712,2
2065,PIERCING PAGODA 738,2
74,JARED 2469,2
2062,PIERCING PAGODA 731,2
1646,PIERCING PAGODA 1349,2
1647,PIERCING PAGODA 135,2
1649,PIERCING PAGODA 1372,2
2061,PIERCING PAGODA 728,2
2060,PIERCING PAGODA 724,2
2064,PIERCING PAGODA 737,2
1982,PIERCING PAGODA 488,2
2031,PIERCING PAGODA 632,2
2029,PIERCING PAGODA 627,2
2003,PIERCING PAGODA 5701,2
2002,PIERCING PAGODA 5700,2
1927,PIERCING PAGODA 3897,2
2000,PIERCING PAGODA 558,2
1998,PIERCING PAGODA 554,2
1996,PIERCING PAGODA 540,2
1665,PIERCING PAGODA 15,2
2004,PIERCING PAGODA 5702,2
207,JARED 439,2
1993,PIERCING PAGODA 53,2
1992,PIERCING PAGODA 517,2
1990,PIERCING PAGODA 512,2
1989,PIERCING PAGODA 510,2
1987,PIERCING PAGODA 501,2
1986,PIERCING PAGODA 500,2
1985,PIERCING PAGODA 494,2
1667,PIERCING PAGODA 1500,2
2030,PIERCING PAGODA 630,2
2005,PIERCING PAGODA 5703,2
2007,PIERCING PAGODA 5705,2
1656,PIERCING PAGODA 1413,2
2028,PIERCING PAGODA 626,2
2026,PIERCING PAGODA 618,2
2025,PIERCING PAGODA 613,2
2024,PIERCING PAGODA 611,2
2020,PIERCING PAGODA 596,2
85,JARED 2482,2
2006,PIERCING PAGODA 5704,2
1657,PIERCING PAGODA 1419,2
2017,PIERCING PAGODA 588,2
2016,PIERCING PAGODA 586,2
2013,PIERCING PAGODA 58,2
2011,PIERCING PAGODA 577,2
2009,PIERCING PAGODA 5707,2
1661,PIERCING PAGODA 146,2
1662,PIERCING PAGODA 1465,2
2018,PIERCING PAGODA 589,2
1925,PIERCING PAGODA 3895,2
1768,PIERCING PAGODA 2542,2
1924,PIERCING PAGODA 3894,2
1822,PIERCING PAGODA 282,2
168,JARED 3307,2
1821,PIERCING PAGODA 280,2
1820,PIERCING PAGODA 279,2
153,JARED 2565,2
1745,PIERCING PAGODA 248,2
1818,PIERCING PAGODA 276,2
1749,PIERCING PAGODA 2488,2
1750,PIERCING PAGODA 2491,2
1817,PIERCING PAGODA 270,2
164,JARED 2584,2
1816,PIERCING PAGODA 27,2
1815,PIERCING PAGODA 2657,2
1814,PIERCING PAGODA 2655,2
1813,PIERCING PAGODA 2652,2
1823,PIERCING PAGODA 286,2
1824,PIERCING PAGODA 288,2
1825,PIERCING PAGODA 29,2
1830,PIERCING PAGODA 304,2
1726,PIERCING PAGODA 2423,2
186,JARED 420,2
1844,PIERCING PAGODA 348,2
1728,PIERCING PAGODA 243,2
744,KAY JEWELERS 1625,2
1732,PIERCING PAGODA 245,2
1733,PIERCING PAGODA 2450,2
1754,PIERCING PAGODA 2509,2
1737,PIERCING PAGODA 2461,2
1738,PIERCING PAGODA 2465,2
1836,PIERCING PAGODA 314,2
1742,PIERCING PAGODA 2474,2
1835,PIERCING PAGODA 310,2
1834,PIERCING PAGODA 31,2
1832,PIERCING PAGODA 307,2
1831,PIERCING PAGODA 305,2
1838,PIERCING PAGODA 327,2
1810,PIERCING PAGODA 2639,2
157,JARED 2570,2
1808,PIERCING PAGODA 2636,2
162,JARED 2579,2
1777,PIERCING PAGODA 2558,2
1776,PIERCING PAGODA 2557,2
1775,PIERCING PAGODA 2556,2
1759,PIERCING PAGODA 2526,2
1774,PIERCING PAGODA 2555,2
1760,PIERCING PAGODA 2529,2
1778,PIERCING PAGODA 2560,2
1773,PIERCING PAGODA 2553,2
1762,PIERCING PAGODA 2535,2
1772,PIERCING PAGODA 2552,2
1771,PIERCING PAGODA 2550,2
1763,PIERCING PAGODA 2536,2
1769,PIERCING PAGODA 2548,2
1765,PIERCING PAGODA 2538,2
1766,PIERCING PAGODA 254,2
1761,PIERCING PAGODA 2532,2
2079,PIERCING PAGODA 797,2
1781,PIERCING PAGODA 2568,2
1784,PIERCING PAGODA 2577,2
1807,PIERCING PAGODA 2635,2
1804,PIERCING PAGODA 2629,2
1803,PIERCING PAGODA 2628,2
1802,PIERCING PAGODA 2624,2
1801,PIERCING PAGODA 2623,2
1800,PIERCING PAGODA 2622,2
1798,PIERCING PAGODA 2619,2
1782,PIERCING PAGODA 2572,2
1797,PIERCING PAGODA 2617,2
1793,PIERCING PAGODA 2611,2
1791,PIERCING PAGODA 2600,2
158,JARED 2571,2
1789,PIERCING PAGODA 2595,2
1755,PIERCING PAGODA 2517,2
1756,PIERCING PAGODA 2518,2
159,JARED 2572,2
1794,PIERCING PAGODA 2614,2
1683,PIERCING PAGODA 176,2
1724,PIERCING PAGODA 242,2
1723,PIERCING PAGODA 2415,2
1903,PIERCING PAGODA 3736,2
1900,PIERCING PAGODA 3731,2
1689,PIERCING PAGODA 188,2
1898,PIERCING PAGODA 3729,2
1897,PIERCING PAGODA 3728,2
1896,PIERCING PAGODA 3727,2
1690,PIERCING PAGODA 190,2
1895,PIERCING PAGODA 3725,2
1894,PIERCING PAGODA 3724,2
1691,PIERCING PAGODA 191,2
199,JARED 428,2
1695,PIERCING PAGODA 199,2
1699,PIERCING PAGODA 2023,2
123,JARED 2527,2
1890,PIERCING PAGODA 3720,2
1904,PIERCING PAGODA 3737,2
1905,PIERCING PAGODA 3739,2
1906,PIERCING PAGODA 3740,2
1907,PIERCING PAGODA 3741,2
1923,PIERCING PAGODA 3893,2
1684,PIERCING PAGODA 178,2
1921,PIERCING PAGODA 388,2
1920,PIERCING PAGODA 385,2
1919,PIERCING PAGODA 384,2
1918,PIERCING PAGODA 38,2
1685,PIERCING PAGODA 179,2
1889,PIERCING PAGODA 3718,2
200,JARED 429,2
115,JARED 2518,2
1912,PIERCING PAGODA 375,2
1688,PIERCING PAGODA 187,2
1911,PIERCING PAGODA 3745,2
1909,PIERCING PAGODA 3743,2
1908,PIERCING PAGODA 3742,2
1767,PIERCING PAGODA 2541,2
1914,PIERCING PAGODA 3757,2
1700,PIERCING PAGODA 203,2
1701,PIERCING PAGODA 209,2
1702,PIERCING PAGODA 214,2
1713,PIERCING PAGODA 23,2
1714,PIERCING PAGODA 231,2
1862,PIERCING PAGODA 3638,2
1715,PIERCING PAGODA 232,2
1861,PIERCING PAGODA 3637,2
1860,PIERCING PAGODA 363,2
1856,PIERCING PAGODA 3611,2
1866,PIERCING PAGODA 3647,2
1855,PIERCING PAGODA 361,2
1853,PIERCING PAGODA 3602,2
1719,PIERCING PAGODA 2401,2
1720,PIERCING PAGODA 2406,2
1851,PIERCING PAGODA 3582,2
1721,PIERCING PAGODA 2407,2
1850,PIERCING PAGODA 3578,2
1848,PIERCING PAGODA 356,2
1854,PIERCING PAGODA 3606,2
1846,PIERCING PAGODA 354,2
1712,PIERCING PAGODA 227,2
1867,PIERCING PAGODA 3648,2
1887,PIERCING PAGODA 3715,2
125,JARED 2529,2
1704,PIERCING PAGODA 218,2
1885,PIERCING PAGODA 3713,2
1884,PIERCING PAGODA 3712,2
1883,PIERCING PAGODA 3711,2
1881,PIERCING PAGODA 371,2
191,JARED 4213,2
1880,PIERCING PAGODA 3709,2
128,JARED 2532,2
1875,PIERCING PAGODA 367,2
1874,PIERCING PAGODA 366,2
194,JARED 423,2
1871,PIERCING PAGODA 3653,2
1870,PIERCING PAGODA 3651,2
134,JARED 2542,2
195,JARED 424,2
2081,PIERCING PAGODA 801,2
743,KAY JEWELERS 1624,2
2083,PIERCING PAGODA 807,2
2504,ZALES JEWELERS 260,2
2500,ZALES JEWELERS 1996,2
2499,ZALES JEWELERS 1995,2
2498,ZALES JEWELERS 1994,2
2497,ZALES JEWELERS 1993,2
2494,ZALES JEWELERS 1989,2
2493,ZALES JEWELERS 1987,2
2492,ZALES JEWELERS 1986,2
2491,ZALES JEWELERS 1985,2
2489,ZALES JEWELERS 1981,2
2488,ZALES JEWELERS 1979,2
2487,ZALES JEWELERS 1977,2
2486,ZALES JEWELERS 1974,2
2485,ZALES JEWELERS 1973,2
2482,ZALES JEWELERS 1966,2
2481,ZALES JEWELERS 1965,2
2480,ZALES JEWELERS 1962,2
2479,ZALES JEWELERS 1958,2
2478,ZALES JEWELERS 1956,2
16,GORDONS JEWELERS 4415,2
2477,ZALES JEWELERS 1950,2
2506,ZALES JEWELERS 283,2
15,GORDON'S JEWELERS 4473,2
2539,ZALES JEWELERS 4878,2
2538,ZALES JEWELERS 4869,2
11,BANTER BY PIERING PAGODA 3732,2
2536,ZALES JEWELERS 455,2
2534,ZALES JEWELERS 430,2
2529,ZALES JEWELERS 412,2
2528,ZALES JEWELERS 40,2
2526,ZALES JEWELERS 3913,2
12,BODY BY PAGODA 571,2
2524,ZALES JEWELERS 37,2
2521,ZALES JEWELERS 3576,2
2520,ZALES JEWELERS 3536,2
2519,ZALES JEWELERS 346,2
2518,ZALES JEWELERS 343,2
2515,ZALES JEWELERS 322,2
2514,ZALES JEWELERS 309,2
2512,ZALES JEWELERS 30,2
2511,ZALES JEWELERS 299,2
2510,ZALES JEWELERS 2967,2
2507,ZALES JEWELERS 2833,2
2541,ZALES JEWELERS 52,2
2474,ZALES JEWELERS 1940,2
2471,ZALES JEWELERS 1931,2
2426,ZALES JEWELERS 1757,2
2423,ZALES JEWELERS 1740,2
2421,ZALES JEWELERS 1737,2
2420,ZALES JEWELERS 1736,2
2419,ZALES JEWELERS 1735,2
2414,ZALES JEWELERS 1726,2
2413,ZALES JEWELERS 1725,2
2412,ZALES JEWELERS 1723,2
2411,ZALES JEWELERS 1722,2
2410,ZALES JEWELERS 1721,2
2409,ZALES JEWELERS 1719,2
2408,ZALES JEWELERS 1716,2
2407,ZALES JEWELERS 1713,2
2405,ZALES JEWELERS 1710,2
2404,ZALES JEWELERS 1707,2
2401,ZALES JEWELERS 1697,2
2400,ZALES JEWELERS 1694,2
2398,ZALES JEWELERS 1691,2
2395,ZALES JEWELERS 1686,2
2427,ZALES JEWELERS 1759,2
2473,ZALES JEWELERS 1938,2
2429,ZALES JEWELERS 1776,2
2432,ZALES JEWELERS 1784,2
2470,ZALES JEWELERS 193,2
2469,ZALES JEWELERS 1929,2
2467,ZALES JEWELERS 1923,2
2465,ZALES JEWELERS 1914,2
2460,ZALES JEWELERS 1894,2
2459,ZALES JEWELERS 1892,2
2456,ZALES JEWELERS 1880,2
2454,ZALES JEWELERS 1864,2
2452,ZALES JEWELERS 1847,2
2449,ZALES JEWELERS 1828,2
2446,ZALES JEWELERS 1824,2
2445,ZALES JEWELERS 1821,2
2442,ZALES JEWELERS 1808,2
2440,ZALES JEWELERS 180,2
18,JARED 2402,2
2436,ZALES JEWELERS 1793,2
2435,ZALES JEWELERS 1792,2
2434,ZALES JEWELERS 1790,2
19,JARED 2403,2
2431,ZALES JEWELERS 1783,2
2393,ZALES JEWELERS 1684,2
2542,ZALES JEWELERS 527,2
2546,ZALES JEWELERS 565,2
2663,ZALES OUTLET 2779,2
2661,ZALES OUTLET 2775,2
2660,ZALES OUTLET 2771,2
2659,ZALES OUTLET 2767,2
2658,ZALES OUTLET 2766,2
2657,ZALES OUTLET 2762,2
2656,ZALES OUTLET 2759,2
2654,ZALES OUTLET 2756,2
2653,ZALES OUTLET 2750,2
2649,ZALES OUTLET 2740,2
2648,ZALES OUTLET 2739,2
2647,ZALES OUTLET 2738,2
2643,ZALES OUTLET 2726,2
2642,ZALES OUTLET 2724,2
2641,ZALES OUTLET 2723,2
2639,ZALES OUTLET 2719,2
2638,ZALES OUTLET 2718,2
2637,ZALES OUTLET 2716,2
2636,ZALES OUTLET 2715,2
2665,ZALES OUTLET 2783,2
2634,ZALES OUTLET 2711,2
2666,ZALES OUTLET 2784,2
2669,ZALES OUTLET 2789,2
2713,ZALES OUTLET 2927,2
2712,ZALES OUTLET 2922,2
2710,ZALES OUTLET 2919,2
2707,ZALES OUTLET 2914,2
2706,ZALES OUTLET 2913,2
2704,ZALES OUTLET 2907,2
2701,ZALES OUTLET 2899,2
2699,ZALES OUTLET 2895,2
2696,ZALES OUTLET 2890,2
2693,ZALES OUTLET 2862,2
2691,ZALES OUTLET 2860,2
2689,ZALES OUTLET 2856,2
2685,ZALES OUTLET 2833,2
2684,ZALES OUTLET 2830,2
2683,ZALES OUTLET 2824,2
2679,ZALES OUTLET 2812,2
2678,ZALES OUTLET 2810,2
2674,ZALES OUTLET 2803,2
2673,ZALES OUTLET 2802,2
2668,ZALES OUTLET 2788,2
2544,ZALES JEWELERS 546,2
2632,ZALES OUTLET 2709,2
2629,ZALES OUTLET 2699,2
2582,ZALES JEWELERS 821,2
2581,ZALES JEWELERS 816,2
2580,ZALES JEWELERS 811,2
2579,ZALES JEWELERS 809,2
2578,ZALES JEWELERS 803,2
2577,ZALES JEWELERS 799,2
2572,ZALES JEWELERS 757,2
2571,ZALES JEWELERS 753,2
2568,ZALES JEWELERS 718,2
2567,ZALES JEWELERS 717,2
2566,ZALES JEWELERS 702,2
2563,ZALES JEWELERS 684,2
2561,ZALES JEWELERS 676,2
2559,ZALES JEWELERS 659,2
2558,ZALES JEWELERS 655,2
2555,ZALES JEWELERS 635,2
2554,ZALES JEWELERS 624,2
2551,ZALES JEWELERS 595,2
2550,ZALES JEWELERS 587,2
2585,ZALES JEWELERS 846,2
2630,ZALES OUTLET 2703,2
2586,ZALES JEWELERS 847,2
2592,ZALES JEWELERS 862,2
2628,ZALES OUTLET 2698,2
2626,ZALES OUTLET 2692,2
2625,ZALES OUTLET 2691,2
2621,ZALES OUTLET 2685,2
2619,ZALES OUTLET 2681,2
2618,ZALES OUTLET 2677,2
2617,ZALES OUTLET 2676,2
2616,ZALES OUTLET 2668,2
2610,ZALES JEWELERS 990,2
2609,ZALES JEWELERS 989,2
2605,ZALES JEWELERS 958,2
2604,ZALES JEWELERS 951,2
2603,ZALES JEWELERS 944,2
2602,ZALES JEWELERS 939,2
2600,ZALES JEWELERS 920,2
2599,ZALES JEWELERS 916,2
2597,ZALES JEWELERS 894,2
2596,ZALES JEWELERS 893,2
2595,ZALES JEWELERS 880,2
7,BANTER BY PIERCING PAGODA 3719,2
2392,ZALES JEWELERS 1683,2
2389,ZALES JEWELERS 1671,2
2388,ZALES JEWELERS 1670,2
1644,PIERCING PAGODA 134,2
2184,ZALES 3748,2
43,JARED 2432,2
44,JARED 2433,2
2181,ZALES 3608,2
46,JARED 2435,2
2178,ZALES 3565,2
2175,ZALES 289,2
2174,ZALES 2753,2
2172,ZALES 2678,2
2171,ZALES 2568,2
2170,ZALES 1990,2
2168,ZALES 1967,2
2167,ZALES 1789,2
50,JARED 2439,2
2163,ZALES 1659,2
52,JARED 2441,2
2160,ZALES 1587,2
2159,ZALES 1577,2
2185,ZALES 3749,2
2157,ZALES 1537,2
2186,ZALES 3764,2
2191,ZALES 856,2
2228,ZALES JEWELERS 1197,2
2226,ZALES JEWELERS 1194,2
2224,ZALES JEWELERS 1180,2
2223,ZALES JEWELERS 1178,2
2220,ZALES JEWELERS 1154,2
2219,ZALES JEWELERS 1153,2
2215,ZALES JEWELERS 1124,2
2212,ZALES JEWELERS 1083,2
2210,ZALES JEWELERS 1076,2
2209,ZALES JEWELERS 1074,2
2208,ZALES JEWELERS 1073,2
38,JARED 2427,2
2204,ZALES JEWELERS 1049,2
2199,ZALES JEWELERS 1022,2
2197,ZALES JEWELERS 1010,2
2196,ZALES JEWELERS 1007,2
2195,ZALES JEWELERS 1004,2
2194,ZALES JEWELERS 1000,2
2193,ZALES JEWELERS 0069,2
2190,ZALES 744,2
2229,ZALES JEWELERS 1208,2
56,JARED 2446,2
2153,ZALES 1329,2
2111,PIERCING PAGODA 919,2
2110,PIERCING PAGODA 908,2
2109,PIERCING PAGODA 907,2
2104,PIERCING PAGODA 889,2
2102,PIERCING PAGODA 887,2
69,JARED 2461,2
2099,PIERCING PAGODA 875,2
2098,PIERCING PAGODA 874,2
2097,PIERCING PAGODA 873,2
2096,PIERCING PAGODA 870,2
2095,PIERCING PAGODA 867,2
2092,PIERCING PAGODA 853,2
2091,PIERCING PAGODA 849,2
2090,PIERCING PAGODA 837,2
2089,PIERCING PAGODA 835,2
2088,PIERCING PAGODA 834,2
2086,PIERCING PAGODA 825,2
2085,PIERCING PAGODA 82,2
2084,PIERCING PAGODA 81,2
2113,PIERCING PAGODA 929,2
2155,ZALES 1479,2
2114,PIERCING PAGODA 930,2
2117,PIERCING PAGODA 934,2
2151,ZALES 1257,2
2148,ZALES 1060,2
61,JARED 2453,2
2144,SUNGLASS HUT 4435,2
2141,SILVER AND GOLD CONNECTION,2
2136,PIERICING PAGODA 955,2
2135,PIERCING PAGODA 997,2
2133,PIERCING PAGODA 995,2
64,JARED 2456,2
2130,PIERCING PAGODA 987,2
2129,PIERCING PAGODA 986,2
2127,PIERCING PAGODA 974,2
2126,PIERCING PAGODA 970,2
65,JARED 2457,2
2124,PIERCING PAGODA 968,2
2122,PIERCING PAGODA 960,2
2121,PIERCING PAGODA 949,2
2120,PIERCING PAGODA 948,2
2119,PIERCING PAGODA 94,2
2116,PIERCING PAGODA 933,2
2230,ZALES JEWELERS 1211,2
37,JARED 2425,2
2233,ZALES JEWELERS 1221,2
2347,ZALES JEWELERS 1585,2
2346,ZALES JEWELERS 1583,2
2345,ZALES JEWELERS 1582,2
2343,ZALES JEWELERS 1576,2
27,JARED 2413,2
2340,ZALES JEWELERS 1572,2
2338,ZALES JEWELERS 1564,2
2337,ZALES JEWELERS 1561,2
2335,ZALES JEWELERS 1554,2
2334,ZALES JEWELERS 1552,2
2333,ZALES JEWELERS 1551,2
2331,ZALES JEWELERS 1549,2
2330,ZALES JEWELERS 1548,2
2329,ZALES JEWELERS 1547,2
2328,ZALES JEWELERS 1545,2
2324,ZALES JEWELERS 1540,2
2321,ZALES JEWELERS 1535,2
2320,ZALES JEWELERS 1534,2
2317,ZALES JEWELERS 1528,2
2348,ZALES JEWELERS 1586,2
2316,ZALES JEWELERS 1525,2
2350,ZALES JEWELERS 1588,2
2352,ZALES JEWELERS 1591,2
2386,ZALES JEWELERS 1668,2
2385,ZALES JEWELERS 1666,2
2384,ZALES JEWELERS 1664,2
2382,ZALES JEWELERS 1654,2
2381,ZALES JEWELERS 1653,2
2380,ZALES JEWELERS 1647,2
2377,ZALES JEWELERS 1641,2
2376,ZALES JEWELERS 1640,2
2372,ZALES JEWELERS 1632,2
24,JARED 2408,2
2370,ZALES JEWELERS 163,2
2369,ZALES JEWELERS 1624,2
2368,ZALES JEWELERS 1621,2
2367,ZALES JEWELERS 1620,2
2364,ZALES JEWELERS 1607,2
2361,ZALES JEWELERS 1604,2
2360,ZALES JEWELERS 1603,2
2359,ZALES JEWELERS 1601,2
2356,ZALES JEWELERS 1599,2
2351,ZALES JEWELERS 1589,2
2315,ZALES JEWELERS 1522,2
2313,ZALES JEWELERS 1518,2
2312,ZALES JEWELERS 1515,2
2265,ZALES JEWELERS 1344,2
2264,ZALES JEWELERS 1338,2
35,JARED 2422,2
2261,ZALES JEWELERS 1327,2
2257,ZALES JEWELERS 1292,2
2256,ZALES JEWELERS 1285,2
2254,ZALES JEWELERS 1278,2
2253,ZALES JEWELERS 1277,2
2252,ZALES JEWELERS 1273,2
2250,ZALES JEWELERS 1268,2
2249,ZALES JEWELERS 1267,2
2248,ZALES JEWELERS 1266,2
2247,ZALES JEWELERS 1264,2
2246,ZALES JEWELERS 1261,2
2244,ZALES JEWELERS 1258,2
2239,ZALES JEWELERS 125,2
2236,ZALES JEWELERS 1238,2
2235,ZALES JEWELERS 1233,2
2234,ZALES JEWELERS 1222,2
2267,ZALES JEWELERS 1351,2
2270,ZALES JEWELERS 1367,2
2271,ZALES JEWELERS 1369,2
2273,ZALES JEWELERS 1375,2
2310,ZALES JEWELERS 1512,2
2307,ZALES JEWELERS 1502,2
2306,ZALES JEWELERS 1498,2
2305,ZALES JEWELERS 1492,2
2299,ZALES JEWELERS 1460,2
2298,ZALES JEWELERS 1459,2
2297,ZALES JEWELERS 1448,2
2292,ZALES JEWELERS 1435,2
2291,ZALES JEWELERS 1434,2
2082,PIERCING PAGODA 806,2
2289,ZALES JEWELERS 1429,2
2285,ZALES JEWELERS 1416,2
2284,ZALES JEWELERS 1408,2
2283,ZALES JEWELERS 1405,2
2282,ZALES JEWELERS 1404,2
2281,ZALES JEWELERS 14,2
2280,ZALES JEWELERS 1398,2
2279,ZALES JEWELERS 1397,2
2276,ZALES JEWELERS 1384,2
2275,ZALES JEWELERS 1377,2
2287,ZALES JEWELERS 142,2
1642,PIERCING PAGODA 1332,2
2715,ZALES REPAIR SHOP 8600,2
1640,PIERCING PAGODA 1320,2
1100,KAY JEWELERS 286,2
1099,KAY JEWELERS 2859,2
523,KAY JEWELERS 106,2
1096,KAY JEWELERS 2852,2
1095,KAY JEWELERS 2850,2
526,KAY JEWELERS 1069,2
1088,KAY JEWELERS 2837,2
1102,KAY JEWELERS 2861,2
1086,KAY JEWELERS 2835,2
533,KAY JEWELERS 1082,2
1083,KAY JEWELERS 2831,2
1082,KAY JEWELERS 2826,2
534,KAY JEWELERS 1085,2
1080,KAY JEWELERS 2819,2
535,KAY JEWELERS 1087,2
536,KAY JEWELERS 109,2
532,KAY JEWELERS 1077,2
1077,KAY JEWELERS 2816,2
1103,KAY JEWELERS 2862,2
520,KAY JEWELERS 1053,2
1133,KAY JEWELERS 2907,2
504,KAY 1488,2
1130,KAY JEWELERS 2901,2
1127,KAY JEWELERS 2898,2
507,KAY 3412,2
1125,KAY JEWELERS 2896,2
1122,KAY JEWELERS 2891,2
521,KAY JEWELERS 1056,2
510,KAY 4808,2
1116,KAY JEWELERS 2884,2
1115,KAY JEWELERS 2882,2
1114,KAY JEWELERS 2878,2
516,KAY JEWELERS 1047,2
517,KAY JEWELERS 1048,2
1110,KAY JEWELERS 2873,2
1106,KAY JEWELERS 2867,2
511,KAY JEWELERS,2
1134,KAY JEWELERS 2908,2
1075,KAY JEWELERS 2814,2
1070,KAY JEWELERS 2808,2
553,KAY JEWELERS 1122,2
554,KAY JEWELERS 1123,2
1041,KAY JEWELERS 2764,2
555,KAY JEWELERS 1126,2
556,KAY JEWELERS 1127,2
560,KAY JEWELERS 1133,2
1031,KAY JEWELERS 2732,2
1044,KAY JEWELERS 277,2
564,KAY JEWELERS 1143,2
1025,KAY JEWELERS 2720,2
566,KAY JEWELERS 1146,2
1023,KAY JEWELERS 2715,2
567,KAY JEWELERS 1147,2
1021,KAY JEWELERS 2712,2
1020,KAY JEWELERS 2710,2
1017,KAY JEWELERS 2707,2
565,KAY JEWELERS 1145,2
537,KAY JEWELERS 1092,2
1045,KAY JEWELERS 2770,2
551,KAY JEWELERS 1119,2
1069,KAY JEWELERS 2805,2
1068,KAY JEWELERS 2804,2
541,KAY JEWELERS 1100,2
1065,KAY JEWELERS 2800,2
1064,KAY JEWELERS 280,2
543,KAY JEWELERS 1102,2
545,KAY JEWELERS 1107,2
1046,KAY JEWELERS 2771,2
1060,KAY JEWELERS 2794,2
546,KAY JEWELERS 1108,2
1055,KAY JEWELERS 2785,2
549,KAY JEWELERS 1115,2
1053,KAY JEWELERS 2782,2
550,KAY JEWELERS 1117,2
1051,KAY JEWELERS 2780,2
1050,KAY JEWELERS 2778,2
1059,KAY JEWELERS 2793,2
1136,KAY JEWELERS 2910,2
502,KAY 1051,2
1138,KAY JEWELERS 2914,2
1275,KAY JEWELERS 4176,2
1274,KAY JEWELERS 4175,2
1271,KAY JEWELERS 4170,2
1267,KAY JEWELERS 4152,2
1266,KAY JEWELERS 4149,2
1265,KAY JEWELERS 4145,2
1262,KAY JEWELERS 4134,2
1278,KAY JEWELERS 4179,2
1261,KAY JEWELERS 4132,2
1253,KAY JEWELERS 4089,2
1249,KAY JEWELERS 4069,2
1248,KAY JEWELERS 4063,2
1244,KAY JEWELERS 4052,2
1243,KAY JEWELERS 4043,2
1239,KAY JEWELERS 4029,2
1237,KAY JEWELERS 401,2
1259,KAY JEWELERS 4120,2
1236,KAY JEWELERS 399,2
1279,KAY JEWELERS 4188,2
1284,KAY JEWELERS 4206,2
1360,KAY JEWELERS 4794,2
2714,ZALES OUTLET 4877,2
1354,KAY JEWELERS 4787,2
1352,KAY JEWELERS 4785,2
1351,KAY JEWELERS 4782,2
1350,KAY JEWELERS 4781,2
1338,KAY JEWELERS 4765,2
1283,KAY JEWELERS 4202,2
1337,KAY JEWELERS 4764,2
1319,KAY JEWELERS 4743,2
1309,KAY JEWELERS 4726,2
1307,KAY JEWELERS 4724,2
1300,KAY JEWELERS 4714,2
1296,KAY JEWELERS 4709,2
1289,KAY JEWELERS 4700,2
1288,KAY JEWELERS 45,2
1322,KAY JEWELERS 4747,2
1233,KAY JEWELERS 395,2
1231,KAY JEWELERS 387,2
1226,KAY JEWELERS 377,2
1170,KAY JEWELERS 2978,2
1169,KAY JEWELERS 2975,2
1166,KAY JEWELERS 2971,2
1163,KAY JEWELERS 2959,2
1162,KAY JEWELERS 2958,2
1161,KAY JEWELERS 2956,2
1160,KAY JEWELERS 2948,2
1173,KAY JEWELERS 2988,2
1157,KAY JEWELERS 2943,2
1150,KAY JEWELERS 2931,2
1149,KAY JEWELERS 2928,2
1148,KAY JEWELERS 2927,2
1144,KAY JEWELERS 2923,2
1142,KAY JEWELERS 2921,2
1140,KAY JEWELERS 2917,2
1139,KAY JEWELERS 2915,2
1155,KAY JEWELERS 2939,2
483,JARED REPAIR SHOP 8592,2
1175,KAY JEWELERS 2991,2
1178,KAY JEWELERS 3001,2
1224,KAY JEWELERS 3746,2
1222,KAY JEWELERS 368,2
1220,KAY JEWELERS 364,2
1215,KAY JEWELERS 357,2
1213,KAY JEWELERS 350,2
1210,KAY JEWELERS 3420,2
1209,KAY JEWELERS 3418,2
1641,PIERCING PAGODA 1322,2
1197,KAY JEWELERS 3403,2
471,JARED REPAIR SHOP 8423,2
1194,KAY JEWELERS 337,2
1193,KAY JEWELERS 335,2
1191,KAY JEWELERS 32,2
1189,KAY JEWELERS 313,2
1188,KAY JEWELERS 311,2
1185,KAY JEWELERS 306,2
1184,KAY JEWELERS 305,2
1015,KAY JEWELERS 2704,2
1361,KAY JEWELERS 4795,2
1014,KAY JEWELERS 2702,2
571,KAY JEWELERS 1157,2
685,KAY JEWELERS 1494,2
686,KAY JEWELERS 1496,2
688,KAY JEWELERS 1498,2
836,KAY JEWELERS 2121,2
835,KAY JEWELERS 2118,2
833,KAY JEWELERS 2114,2
831,KAY JEWELERS 2112,2
842,KAY JEWELERS 2144,2
830,KAY JEWELERS 2110,2
693,KAY JEWELERS 1517,2
697,KAY JEWELERS 1529,2
821,KAY JEWELERS 1888,2
699,KAY JEWELERS 1532,2
700,KAY JEWELERS 1533,2
702,KAY JEWELERS 1535,2
815,KAY JEWELERS 1871,2
691,KAY JEWELERS 1504,2
814,KAY JEWELERS 1869,2
683,KAY JEWELERS 1489,2
848,KAY JEWELERS 2171,2
872,KAY JEWELERS 2218,2
663,KAY JEWELERS 1447,2
664,KAY JEWELERS 1452,2
867,KAY JEWELERS 221,2
667,KAY JEWELERS 1456,2
863,KAY JEWELERS 2202,2
670,KAY JEWELERS 1462,2
845,KAY JEWELERS 215,2
861,KAY JEWELERS 220,2
673,KAY JEWELERS 147,2
675,KAY JEWELERS 1471,2
677,KAY JEWELERS 148,2
678,KAY JEWELERS 1481,2
679,KAY JEWELERS 1484,2
850,KAY JEWELERS 2179,2
680,KAY JEWELERS 1485,2
860,KAY JEWELERS 22,2
662,KAY JEWELERS 1436,2
813,KAY JEWELERS 1868,2
811,KAY JEWELERS 1866,2
772,KAY JEWELERS 1774,2
770,KAY JEWELERS 1741,2
768,KAY JEWELERS 1710,2
767,KAY JEWELERS 1693,2
765,KAY JEWELERS 1684,2
732,KAY JEWELERS 1588,2
733,KAY JEWELERS 1589,2
727,KAY JEWELERS 1573,2
760,KAY JEWELERS 1675,2
736,KAY JEWELERS 1592,2
755,KAY JEWELERS 1651,2
753,KAY JEWELERS 165,2
751,KAY JEWELERS 1645,2
750,KAY JEWELERS 1644,2
748,KAY JEWELERS 1636,2
747,KAY JEWELERS 1635,2
735,KAY JEWELERS 1591,2
812,KAY JEWELERS 1867,2
726,KAY JEWELERS 1572,2
721,KAY JEWELERS 1566,2
810,KAY JEWELERS 1864,2
807,KAY JEWELERS 1861,2
801,KAY JEWELERS 1849,2
800,KAY JEWELERS 1846,2
710,KAY JEWELERS 1550,2
713,KAY JEWELERS 1556,2
794,KAY JEWELERS 1837,2
776,KAY JEWELERS 1784,2
793,KAY JEWELERS 1834,2
716,KAY JEWELERS 156,2
789,KAY JEWELERS 1824,2
788,KAY JEWELERS 1823,2
786,KAY JEWELERS 1817,2
785,KAY JEWELERS 1816,2
718,KAY JEWELERS 1563,2
720,KAY JEWELERS 1565,2
715,KAY JEWELERS 1559,2
874,KAY JEWELERS 2221,2
876,KAY JEWELERS 2227,2
877,KAY JEWELERS 2231,2
600,KAY JEWELERS 1212,2
601,KAY JEWELERS 1213,2
972,KAY JEWELERS 262,2
971,KAY JEWELERS 2618,2
966,KAY JEWELERS 2613,2
956,KAY JEWELERS 251,2
614,KAY JEWELERS 1246,2
975,KAY JEWELERS 2623,2
615,KAY JEWELERS 1248,2
951,KAY JEWELERS 242,2
950,KAY JEWELERS 241,2
618,KAY JEWELERS 1262,2
948,KAY JEWELERS 2393,2
619,KAY JEWELERS 1263,2
620,KAY JEWELERS 1264,2
621,KAY JEWELERS 1267,2
616,KAY JEWELERS 125,2
944,KAY JEWELERS 2388,2
976,KAY JEWELERS 2625,2
979,KAY JEWELERS 2634,2
572,KAY JEWELERS 1158,2
1008,KAY JEWELERS 269,2
1003,KAY JEWELERS 268,2
580,KAY JEWELERS 1170,2
583,KAY JEWELERS 1175,2
994,KAY JEWELERS 2658,2
589,KAY JEWELERS 1188,2
599,KAY JEWELERS 1210,2
990,KAY JEWELERS 2653,2
593,KAY JEWELERS 1194,2
985,KAY JEWELERS 2647,2
594,KAY JEWELERS 1202,2
595,KAY JEWELERS 1203,2
596,KAY JEWELERS 1204,2
597,KAY JEWELERS 1205,2
980,KAY JEWELERS 2636,2
592,KAY JEWELERS 1192,2
943,KAY JEWELERS 2387,2
942,KAY JEWELERS 2384,2
941,KAY JEWELERS 2383,2
645,KAY JEWELERS 1386,2
900,KAY JEWELERS 2283,2
646,KAY JEWELERS 1389,2
647,KAY JEWELERS 1393,2
648,KAY JEWELERS 1397,2
896,KAY JEWELERS 2269,2
649,KAY JEWELERS 1398,2
644,KAY JEWELERS 1385,2
652,KAY JEWELERS 1405,2
888,KAY JEWELERS 2254,2
886,KAY JEWELERS 225,2
658,KAY JEWELERS 1427,2
882,KAY JEWELERS 2239,2
659,KAY JEWELERS 1428,2
880,KAY JEWELERS 2235,2
879,KAY JEWELERS 2233,2
654,KAY JEWELERS 1420,2
643,KAY JEWELERS 138,2
905,KAY JEWELERS 2308,2
642,KAY JEWELERS 1374,2
622,KAY JEWELERS 1273,2
938,KAY JEWELERS 2380,2
932,KAY JEWELERS 2369,2
931,KAY JEWELERS 2368,2
927,KAY JEWELERS 2363,2
631,KAY JEWELERS 1333,2
925,KAY JEWELERS 2356,2
924,KAY JEWELERS 2355,2
923,KAY JEWELERS 2354,2
922,KAY JEWELERS 2353,2
920,KAY JEWELERS 2351,2
919,KAY JEWELERS 2347,2
918,KAY JEWELERS 2346,2
914,KAY JEWELERS 2330,2
637,KAY JEWELERS 1347,2
909,KAY JEWELERS 2320,2
641,KAY JEWELERS 1363,2
570,KAY JEWELERS 1153,2
1365,KAY JEWELERS 4799,2
1199,KAY JEWELERS 3405,2
1405,KAY JEWELERS 522,2
1598,PIERCING PAGODA 1099,2
1384,KAY JEWELERS 4827,2
1383,KAY JEWELERS 4825,2
1507,KAY JEWELERS 798,2
1436,KAY JEWELERS 626,2
1438,KAY JEWELERS 631,2
224,JARED 462,2
1439,KAY JEWELERS 632,2
1600,PIERCING PAGODA 111,2
1380,KAY JEWELERS 4818,2
1601,PIERCING PAGODA 112,2
1440,KAY JEWELERS 635,2
1602,PIERCING PAGODA 1128,2
1379,KAY JEWELERS 4817,2
1604,PIERCING PAGODA 1139,2
234,JARED 474,2
317,JARED 8391,2
1605,PIERCING PAGODA 1144,2
1606,PIERCING PAGODA 1145,2
1607,PIERCING PAGODA 115,2
276,JARED 8279,2
1579,PIERCING PAGODA 102,2
1444,KAY JEWELERS 642,2
1467,KAY JEWELERS 689,2
1609,PIERCING PAGODA 1152,2
222,JARED 460,2
1611,PIERCING PAGODA 1166,2
1567,PEOPLES 5131,2
1612,PIERCING PAGODA 117,2
1527,KAY JEWLERS 1662,2
1509,KAY JEWELERS 81,2
1386,KAY JEWELERS 4830,2
1412,KAY JEWELERS 540,2
1425,KAY JEWELERS 589,2
228,JARED 467,2
1577,PIERCING PAGODA 101,2
1581,PIERCING PAGODA 1025,2
1521,KAY JEWELERS 94,2
1426,KAY JEWELERS 593,2
1427,KAY JEWELERS 597,2
1583,PIERCING PAGODA 103,2
1520,KAY JEWELERS 93,2
1576,PIERCING PAGODA 1008,2
1584,PIERCING PAGODA 104,2
227,JARED 466,2
1586,PIERCING PAGODA 105,2
1587,PIERCING PAGODA 1052,2
1502,KAY JEWELERS 785,2
1518,KAY JEWELERS 9,2
229,JARED 468,2
1430,KAY JEWELERS 603,2
1574,PIERCING PAGODA 100,2
230,JARED 469,2
1390,KAY JEWELERS 4848,2
1389,KAY JEWELERS 4836,2
225,JARED 463,2
1423,KAY JEWELERS 578,2
1431,KAY JEWELERS 605,2
1403,KAY JEWELERS 52,2
1511,KAY JEWELERS 84,2
1596,PIERCING PAGODA 1093,2
1422,KAY JEWELERS 577,2
1433,KAY JEWELERS 620,2
1589,PIERCING PAGODA 1061,2
1530,KAY JEWLERS 576,2
1608,PIERCING PAGODA 1151,2
1501,KAY JEWELERS 784,2
1557,KAY OUTLET 4208,2
1539,KAY OUTLET 2949,2
255,JARED 498,2
215,JARED 448,2
1554,KAY OUTLET 4121,2
244,JARED 487,2
1630,PIERCING PAGODA 1274,2
1457,KAY JEWELERS 672,2
1631,PIERCING PAGODA 1275,2
290,JARED 8355,2
1478,KAY JEWELERS 732,2
1417,KAY JEWELERS 562,2
307,JARED 8377,2
1634,PIERCING PAGODA 1295,2
1460,KAY JEWELERS 676,2
1461,KAY JEWELERS 677,2
1635,PIERCING PAGODA 130,2
1462,KAY JEWELERS 679,2
247,JARED 490,2
358,JARED 8445,2
251,JARED 494,2
1414,KAY JEWELERS 548,2
1637,PIERCING PAGODA 131,2
1472,KAY JEWELERS 698,2
1470,KAY JEWELERS 696,2
1638,PIERCING PAGODA 1319,2
1543,KAY OUTLET 2962,2
1639,PIERCING PAGODA 132,2
1544,KAY OUTLET 2968,2
1420,KAY JEWELERS 57,2
1408,KAY JEWELERS 532,2
1578,PIERCING PAGODA 1012,2
1500,KAY JEWELERS 782,2
1407,KAY JEWELERS 53,2
1451,KAY JEWELERS 665,2
1622,PIERCING PAGODA 1205,2
1562,KAY REPAIR SHOP 8329,2
218,JARED 454,2
1626,PIERCING PAGODA 1241,2
1375,KAY JEWELERS 4811,2
1491,KAY JEWELERS 77,2
1625,PIERCING PAGODA 1236,2
285,JARED 8338,2
219,JARED 457,2
1624,PIERCING PAGODA 123,2
1448,KAY JEWELERS 662,2
1447,KAY JEWELERS 660,2
1421,KAY JEWELERS 574,2
1561,KAY REPAIR SHOP 1606,2
1617,PIERCING PAGODA 1188,2
1616,PIERCING PAGODA 1185,2
1560,KAY OUTLET 686,2
1406,KAY JEWELERS 523,2
1449,KAY JEWELERS 663,2
2441,ZALES JEWELERS 1800,3
1785,PIERCING PAGODA 2585,3
2443,ZALES JEWELERS 1809,3
610,KAY JEWELERS 1233,3
1764,PIERCING PAGODA 2537,3
2484,ZALES JEWELERS 1970,3
2476,ZALES JEWELERS 1942,3
2444,ZALES JEWELERS 1810,3
2475,ZALES JEWELERS 1941,3
2457,ZALES JEWELERS 1889,3
2458,ZALES JEWELERS 1891,3
2461,ZALES JEWELERS 1899,3
2455,ZALES JEWELERS 1875,3
2462,ZALES JEWELERS 1900,3
2466,ZALES JEWELERS 1916,3
2463,ZALES JEWELERS 1901,3
2483,ZALES JEWELERS 1968,3
2468,ZALES JEWELERS 1927,3
1779,PIERCING PAGODA 2561,3
1780,PIERCING PAGODA 2564,3
2451,ZALES JEWELERS 1838,3
2472,ZALES JEWELERS 1934,3
2450,ZALES JEWELERS 1833,3
2448,ZALES JEWELERS 1826,3
959,KAY JEWELERS 26,3
2447,ZALES JEWELERS 1825,3
2464,ZALES JEWELERS 1906,3
2453,ZALES JEWELERS 1859,3
252,JARED 495,3
1806,PIERCING PAGODA 2634,3
2437,ZALES JEWELERS 1794,3
2383,ZALES JEWELERS 1658,3
2379,ZALES JEWELERS 1645,3
2375,ZALES JEWELERS 1638,3
2374,ZALES JEWELERS 1637,3
2373,ZALES JEWELERS 1634,3
284,JARED 8321,3
1048,KAY JEWELERS 2773,3
1489,KAY JEWELERS 765,3
2366,ZALES JEWELERS 1610,3
2365,ZALES JEWELERS 1609,3
1827,PIERCING PAGODA 295,3
2363,ZALES JEWELERS 1606,3
2362,ZALES JEWELERS 1605,3
1039,KAY JEWELERS 2761,3
1828,PIERCING PAGODA 296,3
2358,ZALES JEWELERS 1600,3
2357,ZALES JEWELERS 160,3
2355,ZALES JEWELERS 1597,3
2354,ZALES JEWELERS 1594,3
2353,ZALES JEWELERS 1593,3
1839,PIERCING PAGODA 33,3
1840,PIERCING PAGODA 335,3
1841,PIERCING PAGODA 337,3
1076,KAY JEWELERS 2815,3
361,JARED 8448,3
2336,ZALES JEWELERS 1556,3
2332,ZALES JEWELERS 1550,3
1849,PIERCING PAGODA 3564,3
1829,PIERCING PAGODA 302,3
1786,PIERCING PAGODA 2589,3
1037,KAY JEWELERS 2757,3
2390,ZALES JEWELERS 1672,3
1522,KAY JEWELERS 96,3
1788,PIERCING PAGODA 2592,3
1792,PIERCING PAGODA 2610,3
2430,ZALES JEWELERS 1781,3
2428,ZALES JEWELERS 1767,3
588,KAY JEWELERS 1187,3
2425,ZALES JEWELERS 1750,3
2424,ZALES JEWELERS 175,3
1795,PIERCING PAGODA 2615,3
1796,PIERCING PAGODA 2616,3
1799,PIERCING PAGODA 262,3
2418,ZALES JEWELERS 1731,3
2417,ZALES JEWELERS 1730,3
2387,ZALES JEWELERS 167,3
2416,ZALES JEWELERS 173,3
1510,KAY JEWELERS 82,3
1019,KAY JEWELERS 271,3
1805,PIERCING PAGODA 2633,3
2406,ZALES JEWELERS 1712,3
2403,ZALES JEWELERS 1705,3
2402,ZALES JEWELERS 1704,3
2399,ZALES JEWELERS 1692,3
1505,KAY JEWELERS 791,3
2397,ZALES JEWELERS 1690,3
2396,ZALES JEWELERS 1687,3
2394,ZALES JEWELERS 1685,3
1029,KAY JEWELERS 2729,3
2391,ZALES JEWELERS 1682,3
2415,ZALES JEWELERS 1728,3
2490,ZALES JEWELERS 1983,3
2339,ZALES JEWELERS 1571,3
1758,PIERCING PAGODA 2524,3
1682,PIERCING PAGODA 170,3
2640,ZALES OUTLET 2721,3
703,KAY JEWELERS 1540,3
1614,PIERCING PAGODA 1175,3
2645,ZALES OUTLET 2728,3
2646,ZALES OUTLET 2737,3
2635,ZALES OUTLET 2714,3
220,JARED 458,3
2651,ZALES OUTLET 2745,3
797,KAY JEWELERS 1840,3
1618,PIERCING PAGODA 1191,3
2655,ZALES OUTLET 2758,3
217,JARED 453,3
1668,PIERCING PAGODA 1501,3
2650,ZALES OUTLET 2741,3
1623,PIERCING PAGODA 1227,3
2633,ZALES OUTLET 2710,3
2627,ZALES OUTLET 2693,3
2607,ZALES JEWELERS 962,3
2608,ZALES JEWELERS 977,3
837,KAY JEWELERS 2124,3
2611,ZALES JEWELERS 998,3
2612,ZALES OUTLET 2660,3
2613,ZALES OUTLET 2661,3
1687,PIERCING PAGODA 183,3
2614,ZALES OUTLET 2662,3
198,JARED 427,3
1693,PIERCING PAGODA 197,3
832,KAY JEWELERS 2113,3
2620,ZALES OUTLET 2683,3
2623,ZALES OUTLET 2688,3
2624,ZALES OUTLET 2690,3
2615,ZALES OUTLET 2663,3
2664,ZALES OUTLET 2780,3
1664,PIERCING PAGODA 1499,3
209,JARED 441,3
2694,ZALES OUTLET 2864,3
1633,PIERCING PAGODA 1287,3
2697,ZALES OUTLET 2891,3
2698,ZALES OUTLET 2894,3
1650,PIERCING PAGODA 1380,3
2700,ZALES OUTLET 2896,3
1632,PIERCING PAGODA 1286,3
2702,ZALES OUTLET 2905,3
2705,ZALES OUTLET 2912,3
1636,PIERCING PAGODA 1301,3
2708,ZALES OUTLET 2915,3
2709,ZALES OUTLET 2918,3
2711,ZALES OUTLET 2920,3
1643,PIERCING PAGODA 1334,3
2703,ZALES OUTLET 2906,3
2692,ZALES OUTLET 2861,3
2690,ZALES OUTLET 2859,3
2688,ZALES OUTLET 2852,3
2667,ZALES OUTLET 2787,3
722,KAY JEWELERS 1567,3
2670,ZALES OUTLET 2790,3
2671,ZALES OUTLET 2794,3
779,KAY JEWELERS 1796,3
723,KAY JEWELERS 1569,3
1627,PIERCING PAGODA 1243,3
2677,ZALES OUTLET 2809,3
1660,PIERCING PAGODA 1454,3
1659,PIERCING PAGODA 1450,3
2680,ZALES OUTLET 2814,3
2681,ZALES OUTLET 2815,3
2682,ZALES OUTLET 2817,3
2686,ZALES OUTLET 2847,3
2687,ZALES OUTLET 2851,3
2606,ZALES JEWELERS 959,3
940,KAY JEWELERS 2382,3
1597,PIERCING PAGODA 1097,3
2601,ZALES JEWELERS 926,3
903,KAY JEWELERS 2299,3
235,JARED 475,3
2527,ZALES JEWELERS 394,3
2530,ZALES JEWELERS 416,3
2531,ZALES JEWELERS 420,3
2532,ZALES JEWELERS 426,3
1740,PIERCING PAGODA 247,3
2533,ZALES JEWELERS 429,3
2535,ZALES JEWELERS 454,3
232,JARED 472,3
231,JARED 470,3
651,KAY JEWELERS 1401,3
2540,ZALES JEWELERS 515,3
1731,PIERCING PAGODA 244,3
181,JARED 417,3
891,KAY JEWELERS 2263,3
237,JARED 480,3
2516,ZALES JEWELERS 336,3
626,KAY JEWELERS 1284,3
17,JARED 2400,3
2496,ZALES JEWELERS 1992,3
627,KAY JEWELERS 1285,3
2501,ZALES JEWELERS 219,3
2502,ZALES JEWELERS 257,3
640,KAY JEWELERS 1361,3
2503,ZALES JEWELERS 258,3
1751,PIERCING PAGODA 2496,3
2508,ZALES JEWELERS 285,3
241,JARED 484,3
165,JARED 2585,3
1747,PIERCING PAGODA 2483,3
2513,ZALES JEWELERS 300,3
1752,PIERCING PAGODA 2498,3
2543,ZALES JEWELERS 528,3
2545,ZALES JEWELERS 550,3
1572,PIERCING PAGODA,3
2583,ZALES JEWELERS 824,3
2584,ZALES JEWELERS 841,3
1708,PIERCING PAGODA 222,3
1707,PIERCING PAGODA 221,3
2587,ZALES JEWELERS 854,3
1705,PIERCING PAGODA 22,3
674,KAY JEWELERS 1470,3
1591,PIERCING PAGODA 107,3
1703,PIERCING PAGODA 216,3
1592,PIERCING PAGODA 1070,3
1593,PIERCING PAGODA 108,3
2598,ZALES JEWELERS 91,3
1594,PIERCING PAGODA 1081,3
684,KAY JEWELERS 1490,3
2594,ZALES JEWELERS 879,3
226,JARED 465,3
2576,ZALES JEWELERS 783,3
2574,ZALES JEWELERS 768,3
2547,ZALES JEWELERS 572,3
2548,ZALES JEWELERS 574,3
2549,ZALES JEWELERS 579,3
1725,PIERCING PAGODA 2422,3
2556,ZALES JEWELERS 646,3
2557,ZALES JEWELERS 647,3
2560,ZALES JEWELERS 672,3
2562,ZALES JEWELERS 681,3
2564,ZALES JEWELERS 686,3
2565,ZALES JEWELERS 692,3
1718,PIERCING PAGODA 240,3
1717,PIERCING PAGODA 24,3
1582,PIERCING PAGODA 1026,3
2570,ZALES JEWELERS 750,3
2573,ZALES JEWELERS 761,3
1697,PIERCING PAGODA 200,3
2327,ZALES JEWELERS 1543,3
1730,PIERCING PAGODA 2436,3
2213,ZALES JEWELERS 1085,3
2205,ZALES JEWELERS 1051,3
481,JARED REPAIR SHOP 8579,3
2203,ZALES JEWELERS 1047,3
2201,ZALES JEWELERS 1034,3
2200,ZALES JEWELERS 1032,3
2198,ZALES JEWELERS 1014,3
397,JARED 8605,3
399,JARED 8608,3
1377,KAY JEWELERS 4813,3
2035,PIERCING PAGODA 643,3
2037,PIERCING PAGODA 652,3
2041,PIERCING PAGODA 66,3
2043,PIERCING PAGODA 661,3
2045,PIERCING PAGODA 67,3
411,JARED 9237,3
2050,PIERCING PAGODA 683,3
420,JARED 9287,3
2177,ZALES 2970,3
2176,ZALES 2923,3
2023,PIERCING PAGODA 61,3
2059,PIERCING PAGODA 722,3
2206,ZALES JEWELERS 1053,3
1902,PIERCING PAGODA 3734,3
2242,ZALES JEWELERS 1254,3
2241,ZALES JEWELERS 1253,3
2238,ZALES JEWELERS 1244,3
2232,ZALES JEWELERS 1220,3
2010,PIERCING PAGODA 5709,3
2227,ZALES JEWELERS 1196,3
2225,ZALES JEWELERS 1189,3
2222,ZALES JEWELERS 1168,3
2014,PIERCING PAGODA 580,3
2015,PIERCING PAGODA 585,3
394,JARED 8595,3
2218,ZALES JEWELERS 1142,3
2217,ZALES JEWELERS 1140,3
2022,PIERCING PAGODA 607,3
2216,ZALES JEWELERS 1131,3
2214,ZALES JEWELERS 1120,3
432,JARED 963,3
2211,ZALES JEWELERS 1080,3
117,JARED 2520,3
482,JARED REPAIR SHOP 8589,3
2243,ZALES JEWELERS 1256,3
1287,KAY JEWELERS 4210,3
2169,ZALES 1978,3
2128,PIERCING PAGODA 985,3
1234,KAY JEWELERS 396,3
336,JARED 8418,3
2123,PIERCING PAGODA 964,3
1926,PIERCING PAGODA 3896,3
429,JARED 9325,3
2118,PIERCING PAGODA 938,3
2087,PIERCING PAGODA 830,3
1399,KAY JEWELERS 504,3
2112,PIERCING PAGODA 923,3
2108,PIERCING PAGODA 905,3
2107,PIERCING PAGODA 904,3
2093,PIERCING PAGODA 855,3
2105,PIERCING PAGODA 891,3
438,JARED REPAIR SHOP 2534,3
2103,PIERCING PAGODA 888,3
2094,PIERCING PAGODA 861,3
2101,PIERCING PAGODA 883,3
1252,KAY JEWELERS 4088,3
427,JARED 9294,3
1282,KAY JEWELERS 42,3
1232,KAY JEWELERS 391,3
426,JARED 9293,3
48,JARED 2437,3
49,JARED 2438,3
2068,PIERCING PAGODA 743,3
55,JARED 2445,3
110,JARED 2512,3
1277,KAY JEWELERS 4178,3
1217,KAY JEWELERS 36,3
2154,ZALES 1418,3
2072,PIERCING PAGODA 76,3
2325,ZALES JEWELERS 1541,3
59,JARED 2450,3
60,JARED 2451,3
2073,PIERCING PAGODA 774,3
424,JARED 9291,3
62,JARED 2454,3
1940,PIERCING PAGODA 3914,3
2076,PIERCING PAGODA 779,3
2077,PIERCING PAGODA 785,3
70,JARED 2462,3
2132,PIERCING PAGODA 994,3
2245,ZALES JEWELERS 1260,3
1260,KAY JEWELERS 4128,3
2290,ZALES JEWELERS 1430,3
2259,ZALES JEWELERS 1309,3
2260,ZALES JEWELERS 1321,3
1358,KAY JEWELERS 4791,3
2263,ZALES JEWELERS 1331,3
493,JARED REPAIR SHOP 9285,3
2268,ZALES JEWELERS 1355,3
2272,ZALES JEWELERS 1370,3
1864,PIERCING PAGODA 3644,3
2274,ZALES JEWELERS 1376,3
1878,PIERCING PAGODA 3703,3
2277,ZALES JEWELERS 1391,3
2278,ZALES JEWELERS 1394,3
2303,ZALES JEWELERS 1486,3
1991,PIERCING PAGODA 516,3
1976,PIERCING PAGODA 469,3
93,JARED 2493,3
2301,ZALES JEWELERS 1472,3
1109,KAY JEWELERS 2872,3
1456,KAY JEWELERS 671,3
2296,ZALES JEWELERS 1444,3
2295,ZALES JEWELERS 1440,3
2294,ZALES JEWELERS 1438,3
2293,ZALES JEWELERS 1437,3
2286,ZALES JEWELERS 1417,3
1980,PIERCING PAGODA 481,3
311,JARED 8382,3
1957,PIERCING PAGODA 414,3
2288,ZALES JEWELERS 1422,3
2302,ZALES JEWELERS 1475,3
2258,ZALES JEWELERS 13,3
2266,ZALES JEWELERS 1346,3
1969,PIERCING PAGODA 451,3
2323,ZALES JEWELERS 1538,3
362,JARED 8450,3
31,JARED 2418,3
1997,PIERCING PAGODA 542,3
2319,ZALES JEWELERS 1530,3
97,JARED 2497,3
495,JARED REPAIR SHOP 9287,3
2318,ZALES JEWELERS 1529,3
1961,PIERCING PAGODA 42,3
140,JARED 2549,3
2251,ZALES JEWELERS 1269,3
1869,PIERCING PAGODA 3650,3
1994,PIERCING PAGODA 535,3
2314,ZALES JEWELERS 1519,3
2309,ZALES JEWELERS 1511,3
2311,ZALES JEWELERS 1513,3
2255,ZALES JEWELERS 1279,3
304,JARED 8373,4
458,JARED REPAIR SHOP 8381,4
332,JARED 8412,4
449,JARED REPAIR SHOP 8279,4
451,JARED REPAIR SHOP 8303,4
305,JARED 8375,4
301,JARED 8369,4
463,JARED REPAIR SHOP 8392,4
246,JARED 489,4
2308,ZALES JEWELERS 1504,4
303,JARED 8372,4
1280,KAY JEWELERS 4189,4
666,KAY JEWELERS 1455,4
2517,ZALES JEWELERS 339,4
425,JARED 9292,4
2300,ZALES JEWELERS 1469,4
430,JARED 950,4
2589,ZALES JEWELERS 8600,4
1734,PIERCING PAGODA 2452,4
66,JARED 2458,4
1475,KAY JEWELERS 717,4
2304,ZALES JEWELERS 1491,4
306,JARED 8376,4
1648,PIERCING PAGODA 136,4
2143,STERLING JEWELERS INC SEATTLE WA,4
2553,ZALES JEWELERS 608,4
1595,PIERCING PAGODA 1090,4
445,JARED REPAIR SHOP 8237,4
236,JARED 477,4
2675,ZALES OUTLET 2804,4
374,JARED 8562,4
1129,KAY JEWELERS 29,4
2202,ZALES JEWELERS 1037,4
561,KAY JEWELERS 1134,4
352,JARED 8439,4
485,JARED REPAIR SHOP 8611,4
2221,ZALES JEWELERS 1165,4
2012,PIERCING PAGODA 578,4
2438,ZALES JEWELERS 1796,4
2662,ZALES OUTLET 2777,4
322,JARED 8396,4
389,JARED 8589,4
2237,ZALES JEWELERS 1242,4
382,JARED 8574,4
2672,ZALES OUTLET 2798,4
2240,ZALES JEWELERS 1252,4
279,JARED 8310,4
133,JARED 2541,4
2326,ZALES JEWELERS 1542,4
281,JARED 8313,4
249,JARED 492,4
469,JARED REPAIR SHOP 8421,4
473,JARED REPAIR SHOP 8451,4
378,JARED 8569,5
364,JARED 8475,5
337,JARED 8419,5
416,JARED 9276,5
462,JARED REPAIR SHOP 8390,5
379,JARED 8570,5
309,JARED 8379,5
250,JARED 493,5
338,JARED 8424,5
339,JARED 8425,5
490,JARED REPAIR SHOP 9277,5
354,JARED 8441,5
298,JARED 8366,5
466,JARED REPAIR SHOP 8404,5
269,JARED 8268,5
476,JARED REPAIR SHOP 8545,5
2644,ZALES OUTLET 2727,5
366,JARED 8542,5
177,JARED 414,5
457,JARED REPAIR SHOP 8368,5
327,JARED 8406,5
315,JARED 8386,5
454,JARED REPAIR SHOP 8338,5
388,JARED 8588,6
386,JARED 8578,6
431,JARED 962,6
372,JARED 8558,6
357,JARED 8444,6
350,JARED 8437,6
421,JARED 9288,6
407,JARED 9093,6
355,JARED 8442,6
381,JARED 8573,6
380,JARED 8572,6
353,JARED 8440,6
343,JARED 8430,6
345,JARED 8432,6
384,JARED 8576,6
402,JARED 8984,6
404,JARED 8986,6
373,JARED 8559,6
348,JARED 8435,6
365,JARED 8538,6
376,JARED 8565,6
346,JARED 8433,6
377,JARED 8566,6
216,JARED 452,6
369,JARED 8551,6
392,JARED 8593,6
698,KAY JEWELERS 1531,6
356,JARED 8443,6
368,JARED 8549,6
370,JARED 8552,6
417,JARED 9278,6
363,JARED 8456,6
347,JARED 8434,6
428,JARED 9324,6
349,JARED 8436,6
360,JARED 8447,6
341,JARED 8427,6
499,JARED REPAIR SHOP 965,6
498,JARED REPAIR SHOP 950,6
333,JARED 8413,6
460,JARED REPAIR SHOP 8388,6
464,JARED REPAIR SHOP 8397,6
1514,KAY JEWELERS 8554,6
465,JARED REPAIR SHOP 8402,6
467,JARED REPAIR SHOP 8405,6
494,JARED REPAIR SHOP 9286,6
452,JARED REPAIR SHOP 8315,6
331,JARED 8411,6
329,JARED 8409,6
491,JARED REPAIR SHOP 9279,6
323,JARED 8398,6
328,JARED 8408,6
270,JARED 8270,6
489,JARED REPAIR SHOP 9236,6
326,JARED 8403,6
264,JARED 8257,6
263,JARED 8256,6
492,JARED REPAIR SHOP 9283,6
275,JARED 8278,6
320,JARED 8394,6
294,JARED 8362,6
299,JARED 8367,6
67,JARED 2459,6
297,JARED 8365,6
340,JARED 8426,6
296,JARED 8364,6
295,JARED 8363,6
443,JARED REPAIR SHOP 8234,6
446,JARED REPAIR SHOP 8247,6
292,JARED 8357,6
335,JARED 8417,6
478,JARED REPAIR SHOP 8555,6
447,JARED REPAIR SHOP 8251,6
448,JARED REPAIR SHOP 8262,6
282,JARED 8314,6
312,JARED 8383,6
289,JARED 8354,6
291,JARED 8356,6
287,JARED 8346,6
480,JARED REPAIR SHOP 8568,7
265,JARED 8258,7
84,JARED 2481,7
267,JARED 8263,7
268,JARED 8267,7
325,JARED 8401,7
487,JARED REPAIR SHOP 8615,7
488,JARED REPAIR SHOP 8987,7
367,JARED 8548,7
403,JARED 8985,7
496,JARED REPAIR SHOP 9295,7
314,JARED 8385,7
88,JARED 2487,7
383,JARED 8575,7
359,JARED 8446,7
486,JARED REPAIR SHOP 8612,7
313,JARED 8384,7
82,JARED 2477,7
1563,KAY REPAIR SHOP 8335,7
413,JARED 9269,7
2146,ZALE OUTLET 8604,7
2591,ZALES JEWELERS 8602,7
474,JARED REPAIR SHOP 8543,7
475,JARED REPAIR SHOP 8544,7
423,JARED 9290,7
257,JARED 8230,7
461,JARED REPAIR SHOP 8389,7
2590,ZALES JEWELERS 8601,7
444,JARED REPAIR SHOP 8235,7
456,JARED REPAIR SHOP 8353,7
437,JARED REPAIR SHOP 2513,7
439,JARED REPAIR SHOP 2542,7
477,JARED REPAIR SHOP 8547,7
330,JARED 8410,7
273,JARED 8276,8
470,JARED REPAIR SHOP 8422,8
342,JARED 8428,8
479,JARED REPAIR SHOP 8564,8
319,JARED 8393,8
422,JARED 9289,8
302,JARED 8371,8
310,JARED 8380,8
344,JARED 8431,8
266,JARED 8260,8
1512,KAY JEWELERS 8457,9
497,JARED REPAIR SHOP 9298,9
210,JARED 442,9
1515,KAY JEWELERS 8561,9
308,JARED 8378,9
415,JARED 9275,9
351,JARED 8438,9
398,JARED 8606,9
396,JARED 8598,9
408,JARED 9095,9
409,JARED 9096,9
288,JARED 8352,9
410,JARED 9235,9
274,JARED 8277,9
324,JARED 8399,9
385,JARED 8577,9
375,JARED 8563,9
440,JARED REPAIR SHOP 429,10
277,JARED 8281,10
280,JARED 8311,10
450,JARED REPAIR SHOP 8282,10
293,JARED 8359,10
260,JARED 8250,10
261,JARED 8254,10
393,JARED 8594,10
391,JARED 8591,10
455,JARED REPAIR SHOP 8351,10
271,JARED 8271,10
272,JARED 8274,10
414,JARED 9274,11
1516,KAY JEWELERS 8599,11
401,JARED 8616,11
334,JARED 8414,11
2140,SIGNET JEWELERS LTD.,11
259,JARED 8248,11
468,JARED REPAIR SHOP 8407,11
395,JARED 8597,11
316,JARED 8387,11
412,JARED 9268,12
258,JARED 8242,12
2137,SIGNET,13
262,JARED 8255,14
390,JARED 8590,14
1550,KAY OUTLET 4042,14
2139,SIGNET CANADA DC,15
406,JARED 9090,16
1571,PEOPLES JEWELRY - SIGNET,50
2138,SIGNET AKRON DC,50
2142,STERLING JEWELERS INC,90
